Time Stamp,ID,Extended,Dir,Bus,LEN,D1,D2,D3,D4,D5,D6,D7,D8
4299938194,0000045C,false,Rx,1,8,00,00,09,3E,00,00,00,00,
4299946808,0000042C,false,Rx,1,8,45,60,00,00,20,01,00,00,
4299947055,0000043C,false,Rx,1,8,45,60,00,00,20,01,00,00,
4299947295,0000044C,false,Rx,1,8,45,60,00,00,20,01,00,00,
4299956832,0000042C,false,Rx,1,8,4B,60,00,00,20,00,00,00,
4299957078,0000043C,false,Rx,1,8,4B,60,00,00,20,00,00,00,
4299957319,0000044C,false,Rx,1,8,4B,60,00,00,20,00,00,00,
4300027910,0000042C,false,Rx,1,8,6A,60,00,00,20,00,00,00,
4300028151,0000043C,false,Rx,1,8,6A,60,00,00,20,00,00,00,
4300028399,0000044C,false,Rx,1,8,6A,60,00,00,20,00,00,00,
4300038170,0000045C,false,Rx,1,8,00,00,09,3E,00,00,00,00,
4300038304,0000010C,false,Rx,1,2,01,00,00,00,00,00,00,00,
4300127909,0000042C,false,Rx,1,8,8E,60,00,00,20,00,00,00,
4300128159,0000043C,false,Rx,1,8,8E,60,00,00,20,00,00,00,
4300128398,0000044C,false,Rx,1,8,8E,60,00,00,20,00,00,00,
4300138145,0000045C,false,Rx,1,8,00,00,09,3E,00,00,00,00,
4300227914,0000042C,false,Rx,1,8,96,60,00,00,20,00,00,00,
4300228153,0000043C,false,Rx,1,8,96,60,00,00,20,00,00,00,
4300228401,0000044C,false,Rx,1,8,96,60,00,00,20,00,00,00,
4300238146,0000045C,false,Rx,1,8,00,00,09,3E,00,00,00,00,
4300238280,0000010C,false,Rx,1,2,02,00,00,00,00,00,00,00,
4300327916,0000042C,false,Rx,1,8,96,60,00,00,20,00,00,00,
4300328156,0000043C,false,Rx,1,8,96,60,00,00,20,00,00,00,
4300328396,0000044C,false,Rx,1,8,96,60,00,00,20,00,00,00,
4300338151,0000045C,false,Rx,1,8,00,00,09,3E,00,00,00,00,
4300427917,0000042C,false,Rx,1,8,96,60,00,00,20,00,00,00,
4300428157,0000043C,false,Rx,1,8,96,60,00,00,20,00,00,00,
4300428398,0000044C,false,Rx,1,8,96,60,00,00,20,00,00,00,
4300438174,0000045C,false,Rx,1,8,00,00,09,3E,00,00,00,00,
4300438309,0000010C,false,Rx,1,2,03,00,00,00,00,00,00,00,
4300463626,000005E7,false,Rx,1,8,00,3F,05,06,00,00,00,01,
4300527944,0000042C,false,Rx,1,8,96,60,00,00,20,00,00,00,
4300528185,0000043C,false,Rx,1,8,96,60,00,00,20,00,00,00,
4300528425,0000044C,false,Rx,1,8,96,60,00,00,20,00,00,00,
4300538177,0000045C,false,Rx,1,8,00,00,09,3E,00,00,00,00,
4300585000,00000217,false,Rx,1,8,00,00,80,FF,7D,02,00,04,
4300627943,0000042C,false,Rx,1,8,96,60,00,00,20,00,00,00,
4300628192,0000043C,false,Rx,1,8,96,60,00,00,20,00,00,00,
4300628432,0000044C,false,Rx,1,8,96,60,00,00,20,00,00,00,
4300638179,0000045C,false,Rx,1,8,00,00,09,3E,00,00,00,00,
4300638313,0000010C,false,Rx,1,2,04,00,00,00,00,00,00,00,
4300638462,00000547,false,Rx,1,2,04,FF,00,00,00,00,00,00,
4300675242,00000207,false,Rx,1,8,00,01,40,FF,00,00,04,00,
4300675480,00000227,false,Rx,1,8,00,00,00,00,00,00,1F,C5,
4300675729,00000237,false,Rx,1,8,3D,41,00,00,00,00,00,00,
4300675969,00000247,false,Rx,1,8,00,7D,6E,03,00,00,20,00,
4300676218,00000717,false,Rx,1,8,02,00,00,00,00,00,00,00,
4300684997,00000217,false,Rx,1,8,00,00,80,FF,9C,02,01,04,
4300685237,00000507,false,Rx,1,8,74,00,96,00,00,00,00,40,
4300685485,00000367,false,Rx,1,8,00,00,00,00,00,00,00,00,
4300685726,00000507,false,Rx,1,8,75,00,96,00,00,00,00,40,
4300695095,00000377,false,Rx,1,8,00,00,00,00,00,00,00,00,
4300705091,00000347,false,Rx,1,8,00,00,00,00,00,00,00,00,
4300715087,00000357,false,Rx,1,8,00,00,00,00,00,00,18,00,
4300725085,00000327,false,Rx,1,8,00,00,00,00,00,00,00,00,
4300727949,0000042C,false,Rx,1,8,96,60,00,00,20,00,00,00,
4300728189,0000043C,false,Rx,1,8,96,60,00,00,20,00,00,00,
4300728429,0000044C,false,Rx,1,8,96,60,00,00,20,00,00,00,
4300735090,00000337,false,Rx,1,8,00,00,00,00,00,00,00,00,
4300738181,0000045C,false,Rx,1,8,00,00,09,3E,00,00,00,00,
4300745095,00000367,false,Rx,1,8,00,00,00,00,00,00,00,00,
4300755093,00000377,false,Rx,1,8,00,00,00,00,00,00,00,00,
4300765090,00000347,false,Rx,1,8,00,00,00,00,00,00,00,00,
4300775074,00000357,false,Rx,1,8,00,00,00,00,00,00,18,00,
4300775323,00000207,false,Rx,1,8,01,01,40,FF,C8,02,14,00,
4300775572,00000227,false,Rx,1,8,00,00,00,00,04,00,1F,C5,
4300775819,00000237,false,Rx,1,8,3D,41,00,00,00,00,00,00,
4300776051,00000247,false,Rx,1,8,44,7D,6E,03,00,00,20,00,
4300784983,00000217,false,Rx,1,8,02,00,80,FF,9C,02,01,04,
4300785230,00000327,false,Rx,1,8,00,00,00,00,00,00,00,00,
4300795087,00000337,false,Rx,1,8,00,00,00,00,00,00,00,00,
4300827952,0000042C,false,Rx,1,8,96,60,00,00,20,00,00,00,
4300828191,0000043C,false,Rx,1,8,96,60,00,00,20,00,00,00,
4300828431,0000044C,false,Rx,1,8,96,60,00,00,20,00,00,00,
4300838176,0000045C,false,Rx,1,8,00,00,09,3E,00,00,00,00,
4300838310,0000010C,false,Rx,1,2,05,00,00,00,00,00,00,00,
4300838468,00000547,false,Rx,1,2,05,FF,00,00,00,00,00,00,
4300875166,00000207,false,Rx,1,8,01,01,80,FF,C8,02,14,00,
4300875414,00000227,false,Rx,1,8,00,00,00,00,00,00,1F,C5,
4300875661,00000237,false,Rx,1,8,3D,41,00,00,00,00,00,00,
4300875901,00000247,false,Rx,1,8,44,7D,6E,03,00,00,20,00,
4300876151,00000717,false,Rx,1,8,04,00,00,00,00,00,00,00,
4300884958,00000217,false,Rx,1,8,02,40,00,FF,9C,02,01,04,
4300927949,0000042C,false,Rx,1,8,96,60,00,00,20,00,00,00,
4300928196,0000043C,false,Rx,1,8,96,60,00,00,20,00,00,00,
4300928437,0000044C,false,Rx,1,8,96,60,00,00,20,00,00,00,
4300938181,0000045C,false,Rx,1,8,00,00,09,3E,00,00,00,00,
4300975144,00000207,false,Rx,1,8,01,01,80,FF,C8,02,14,00,
4300975390,00000227,false,Rx,1,8,00,00,00,00,00,00,1F,C5,
4300975638,00000237,false,Rx,1,8,3D,41,00,00,00,00,00,00,
4300975878,00000247,false,Rx,1,8,44,7D,6E,03,00,00,20,00,
4300976119,00000717,false,Rx,1,8,05,00,00,00,00,00,00,00,
4300984933,00000217,false,Rx,1,8,02,40,00,FF,9C,02,01,04,
4301027954,0000042C,false,Rx,1,8,96,60,00,00,20,00,00,00,
4301028195,0000043C,false,Rx,1,8,96,60,00,00,20,00,00,00,
4301028435,0000044C,false,Rx,1,8,96,60,00,00,20,00,00,00,
4301038181,0000045C,false,Rx,1,8,00,00,09,3E,00,00,00,00,
4301038316,0000010C,false,Rx,1,2,06,00,00,00,00,00,00,00,
4301038487,00000547,false,Rx,1,2,06,FF,00,00,00,00,00,00,
4301075100,00000207,false,Rx,1,8,01,01,80,FF,C8,02,14,00,
4301075347,00000227,false,Rx,1,8,00,00,00,00,02,00,1F,C5,
4301075602,00000237,false,Rx,1,8,3D,41,00,00,00,00,00,00,
4301075836,00000247,false,Rx,1,8,44,7D,6E,03,00,00,20,00,
4301076075,00000717,false,Rx,1,8,06,00,FE,44,66,06,00,40,
4301084890,00000217,false,Rx,1,8,02,40,00,FF,9C,02,01,04,
4301127948,0000042C,false,Rx,1,8,96,60,00,00,20,00,00,00,
4301128191,0000043C,false,Rx,1,8,96,60,00,00,20,00,00,00,
4301128438,0000044C,false,Rx,1,8,96,60,00,00,20,00,00,00,
4301138184,0000045C,false,Rx,1,8,00,00,09,3E,00,00,00,00,
4301175115,00000207,false,Rx,1,8,01,01,80,FF,C8,00,14,00,
4301175362,00000227,false,Rx,1,8,00,00,00,00,08,00,1F,C5,
4301175611,00000237,false,Rx,1,8,3D,41,00,00,00,00,00,00,
4301175843,00000247,false,Rx,1,8,44,7D,6E,03,00,00,20,00,
4301176090,00000717,false,Rx,1,8,07,00,00,00,02,0A,00,00,
4301184901,00000217,false,Rx,1,8,02,80,00,FF,9C,02,01,04,
4301227952,0000042C,false,Rx,1,8,96,60,00,00,20,00,00,00,
4301228191,0000043C,false,Rx,1,8,96,60,00,00,20,00,00,00,
4301228439,0000044C,false,Rx,1,8,96,60,00,00,20,00,00,00,
4301238184,0000045C,false,Rx,1,8,00,00,09,3E,00,00,00,00,
4301238318,0000010C,false,Rx,1,2,07,00,00,00,00,00,00,00,
4301238467,00000547,false,Rx,1,2,07,FF,00,00,00,00,00,00,
4301275072,00000207,false,Rx,1,8,01,01,80,FF,C8,00,14,00,
4301275320,00000227,false,Rx,1,8,00,00,00,00,02,00,1F,C5,
4301275568,00000237,false,Rx,1,8,3D,41,00,00,00,00,00,00,
4301275808,00000247,false,Rx,1,8,44,7D,6E,03,00,00,20,00,
4301276048,00000717,false,Rx,1,8,08,00,00,00,3A,45,00,00,
4301284873,00000217,false,Rx,1,8,02,80,80,FE,9C,02,01,04,
4301327952,0000042C,false,Rx,1,8,96,60,00,00,20,00,00,00,
4301328192,0000043C,false,Rx,1,8,96,60,00,00,20,00,00,00,
4301328441,0000044C,false,Rx,1,8,96,60,00,00,20,00,00,00,
4301338179,0000045C,false,Rx,1,8,00,00,09,3E,00,00,00,00,
4301375062,00000207,false,Rx,1,8,01,01,80,FF,C8,00,14,00,
4301375310,00000227,false,Rx,1,8,00,00,00,00,02,00,1F,C5,
4301375557,00000237,false,Rx,1,8,3D,41,00,00,00,00,00,00,
4301375790,00000247,false,Rx,1,8,44,7D,6E,03,00,00,20,00,
4301376038,00000717,false,Rx,1,8,09,00,16,45,00,00,00,00,
4301384846,00000217,false,Rx,1,8,02,80,80,FE,9C,02,00,04,
4301427956,0000042C,false,Rx,1,8,96,60,00,00,20,00,00,00,
4301428196,0000043C,false,Rx,1,8,96,60,00,00,20,00,00,00,
4301428437,0000044C,false,Rx,1,8,96,60,00,00,20,00,00,00,
4301438188,0000045C,false,Rx,1,8,00,00,09,3E,00,00,00,00,
4301438316,0000010C,false,Rx,1,2,08,00,00,00,00,00,00,00,
4301438473,00000547,false,Rx,1,2,08,FF,00,00,00,00,00,00,
4301475052,00000207,false,Rx,1,8,01,01,80,FF,C8,00,14,00,
4301475293,00000227,false,Rx,1,8,00,00,00,00,00,00,1F,C5,
4301475540,00000237,false,Rx,1,8,3D,41,00,00,00,00,00,00,
4301475780,00000247,false,Rx,1,8,44,7D,6E,03,00,00,20,00,
4301476029,00000717,false,Rx,1,8,0A,00,00,00,00,00,00,00,
4301484830,00000217,false,Rx,1,8,02,80,80,FE,9C,02,00,04,
4301527955,0000042C,false,Rx,1,8,96,60,00,00,20,00,00,00,
4301528196,0000043C,false,Rx,1,8,96,60,00,00,20,00,00,00,
4301528443,0000044C,false,Rx,1,8,96,60,00,00,20,00,00,00,
4301538188,0000045C,false,Rx,1,8,00,00,09,3E,00,00,00,00,
4301574919,00000367,false,Rx,1,8,00,00,00,00,00,00,00,00,
4301575160,00000207,false,Rx,1,8,01,01,C0,FF,C8,00,14,00,
4301575415,00000227,false,Rx,1,8,00,00,00,00,02,00,1F,C5,
4301575663,00000237,false,Rx,1,8,3D,41,00,00,00,00,00,00,
4301575896,00000247,false,Rx,1,8,44,7D,6E,03,00,00,20,00,
4301576145,00000717,false,Rx,1,8,0B,00,00,00,00,00,00,00,
4301584793,00000217,false,Rx,1,8,02,80,80,FE,9C,02,00,04,
4301585040,00000507,false,Rx,1,8,2C,00,05,00,00,00,00,40,
4301585289,00000377,false,Rx,1,8,00,00,00,00,00,00,00,00,
4301594912,00000347,false,Rx,1,8,00,00,00,00,00,08,00,00,
4301604909,00000357,false,Rx,1,8,00,00,00,00,00,00,18,00,
4301614907,00000327,false,Rx,1,8,00,00,00,00,00,00,00,00,
4301624904,00000337,false,Rx,1,8,00,00,00,00,00,00,00,00,
4301627955,0000042C,false,Rx,1,8,96,60,00,00,20,00,00,00,
4301628195,0000043C,false,Rx,1,8,96,60,00,00,20,00,00,00,
4301628443,0000044C,false,Rx,1,8,96,60,00,00,20,00,00,00,
4301634908,00000367,false,Rx,1,8,00,00,00,00,00,00,00,00,
4301638188,0000045C,false,Rx,1,8,00,00,09,3E,00,00,00,00,
4301638315,0000010C,false,Rx,1,2,09,00,00,00,00,00,00,00,
4301638471,00000547,false,Rx,1,2,09,FF,00,00,00,00,00,00,
4301644911,00000377,false,Rx,1,8,00,00,00,00,00,00,00,00,
4301654929,00000347,false,Rx,1,8,00,00,00,00,00,08,00,00,
4301664918,00000357,false,Rx,1,8,00,00,00,00,00,00,18,00,
4301674914,00000327,false,Rx,1,8,00,00,00,00,00,00,00,00,
4301675154,00000207,false,Rx,1,8,01,01,80,FF,C8,00,14,00,
4301675401,00000227,false,Rx,1,8,00,00,00,00,04,00,1F,C5,
4301675650,00000237,false,Rx,1,8,3D,41,00,00,00,00,00,00,
4301675890,00000247,false,Rx,1,8,44,7D,6E,03,00,00,20,00,
4301676130,00000717,false,Rx,1,8,0C,01,00,04,04,00,01,00,
4301684791,00000217,false,Rx,1,8,02,80,00,FE,9C,02,00,04,
4301685037,00000337,false,Rx,1,8,00,00,00,00,00,00,00,00,
4301727960,0000042C,false,Rx,1,8,96,60,00,00,20,00,00,00,
4301728200,0000043C,false,Rx,1,8,96,60,00,00,20,00,00,00,
4301728440,0000044C,false,Rx,1,8,96,60,00,00,20,00,00,00,
4301738187,0000045C,false,Rx,1,8,00,00,09,3E,00,00,00,00,
4301774994,00000207,false,Rx,1,8,01,01,80,FF,C8,00,14,00,
4301775234,00000227,false,Rx,1,8,00,00,00,00,03,00,1F,C5,
4301775482,00000237,false,Rx,1,8,3D,41,00,00,00,00,00,00,
4301775722,00000247,false,Rx,1,8,44,7D,6E,03,00,00,20,00,
4301775970,00000717,false,Rx,1,8,0E,00,00,02,A6,04,00,00,
4301784763,00000217,false,Rx,1,8,02,C0,00,FE,9C,02,00,04,
4301827958,0000042C,false,Rx,1,8,96,60,00,00,20,00,00,00,
4301828198,0000043C,false,Rx,1,8,96,60,00,00,20,00,00,00,
4301828439,0000044C,false,Rx,1,8,96,60,00,00,20,00,00,00,
4301838193,0000045C,false,Rx,1,8,00,00,09,3E,00,00,00,00,
4301838335,0000010C,false,Rx,1,2,0A,00,00,00,00,00,00,00,
4301838515,00000547,false,Rx,1,2,0A,FF,00,00,00,00,00,00,
4301874946,00000207,false,Rx,1,8,01,01,C0,FF,C8,00,14,00,
4301875193,00000227,false,Rx,1,8,00,00,00,00,03,00,1F,C5,
4301875442,00000237,false,Rx,1,8,3D,41,00,00,00,00,00,00,
4301875674,00000247,false,Rx,1,8,44,7D,6E,03,00,00,20,00,
4301875914,00000717,false,Rx,1,8,0F,00,EB,01,92,0E,00,00,
4301884723,00000217,false,Rx,1,8,02,C0,00,FE,9C,02,00,04,
4301927956,0000042C,false,Rx,1,8,96,60,00,00,20,00,00,00,
4301928203,0000043C,false,Rx,1,8,96,60,00,00,20,00,00,00,
4301928444,0000044C,false,Rx,1,8,96,60,00,00,20,00,00,00,
4301938200,0000045C,false,Rx,1,8,00,00,09,3E,00,00,00,00,
4301974954,00000207,false,Rx,1,8,01,01,C0,FF,C8,00,14,00,
4301975196,00000227,false,Rx,1,8,00,00,00,00,08,00,1F,C5,
4301975443,00000237,false,Rx,1,8,3D,41,00,00,00,00,00,00,
4301975683,00000247,false,Rx,1,8,44,7D,6E,03,00,00,20,00,
4301975917,00000717,false,Rx,1,8,10,06,70,FF,03,B0,FF,00,
4301984727,00000217,false,Rx,1,8,02,C0,00,FE,9C,02,00,04,
4302026962,0000042C,false,Rx,1,8,96,60,00,00,20,00,00,00,
4302027202,0000043C,false,Rx,1,8,96,60,00,00,20,00,00,00,
4302027443,0000044C,false,Rx,1,8,96,60,00,00,20,00,00,00,
4302038184,0000045C,false,Rx,1,8,00,00,09,3E,00,00,00,00,
4302038318,0000010C,false,Rx,1,2,0B,00,00,00,00,00,00,00,
4302038497,00000547,false,Rx,1,2,0B,FF,00,00,00,00,00,00,
4302074907,00000207,false,Rx,1,8,00,01,C0,FF,C8,00,14,00,
4302075147,00000227,false,Rx,1,8,00,00,00,00,03,00,1F,C5,
4302075394,00000237,false,Rx,1,8,3D,41,00,00,00,00,00,00,
4302075634,00000247,false,Rx,1,8,44,7D,6E,03,00,00,20,00,
4302075883,00000717,false,Rx,1,8,11,00,00,00,00,00,02,02,
4302084699,00000217,false,Rx,1,8,02,C0,00,FE,9C,02,00,04,
4302126946,0000042C,false,Rx,1,8,96,60,00,00,21,00,00,00,
4302127194,0000043C,false,Rx,1,8,96,60,00,00,21,00,00,00,
4302127434,0000044C,false,Rx,1,8,96,60,00,00,21,00,00,00,
4302138187,0000045C,false,Rx,1,8,00,00,09,3E,00,00,00,00,
4302174904,00000207,false,Rx,1,8,00,00,C0,FF,C8,00,14,00,
4302175151,00000227,false,Rx,1,8,00,00,00,00,03,00,1F,C5,
4302175398,00000237,false,Rx,1,8,3D,41,00,00,00,00,00,00,
4302175632,00000247,false,Rx,1,8,44,7D,6E,03,00,00,20,00,
4302175872,00000717,false,Rx,1,8,12,3F,26,00,27,00,17,00,
4302184674,00000217,false,Rx,1,8,02,C0,80,FD,9C,02,00,04,
4302226954,0000042C,false,Rx,1,8,96,60,00,00,21,00,00,00,
4302227195,0000043C,false,Rx,1,8,96,60,00,00,21,00,00,00,
4302227435,0000044C,false,Rx,1,8,96,60,00,00,21,00,00,00,
4302238187,0000045C,false,Rx,1,8,00,00,09,3E,00,00,00,00,
4302238321,0000010C,false,Rx,1,2,0C,00,00,00,00,00,00,00,
4302238477,00000547,false,Rx,1,2,0C,FF,00,00,00,00,00,00,
4302274881,00000207,false,Rx,1,8,00,00,C0,FF,C8,00,14,00,
4302275128,00000227,false,Rx,1,8,00,00,00,00,03,00,1F,C5,
4302275377,00000237,false,Rx,1,8,3D,41,00,00,00,00,00,00,
4302275609,00000247,false,Rx,1,8,44,7D,6E,03,00,00,20,00,
4302275856,00000717,false,Rx,1,8,13,00,00,00,00,00,00,00,
4302284660,00000217,false,Rx,1,8,02,C0,80,FD,9C,02,00,04,
4302326954,0000042C,false,Rx,1,8,96,60,00,00,21,00,00,00,
4302327194,0000043C,false,Rx,1,8,96,60,00,00,21,00,00,00,
4302327434,0000044C,false,Rx,1,8,96,60,00,00,21,00,00,00,
4302338183,0000045C,false,Rx,1,8,00,00,09,3E,00,00,00,00,
4302374840,00000207,false,Rx,1,8,00,00,C0,FF,C8,00,14,00,
4302375087,00000227,false,Rx,1,8,00,00,00,00,02,00,1F,C5,
4302375336,00000237,false,Rx,1,8,3D,41,00,00,00,00,00,00,
4302375576,00000247,false,Rx,1,8,44,7D,6E,03,00,00,20,00,
4302375824,00000717,false,Rx,1,8,14,00,00,00,E7,FF,00,00,
4302384625,00000217,false,Rx,1,8,02,C0,80,FD,9C,02,00,04,
4302426956,0000042C,false,Rx,1,8,96,60,00,00,21,00,00,00,
4302427196,0000043C,false,Rx,1,8,96,60,00,00,21,00,00,00,
4302427437,0000044C,false,Rx,1,8,96,60,00,00,21,00,00,00,
4302438187,0000045C,false,Rx,1,8,00,00,09,3E,00,00,00,00,
4302438321,0000010C,false,Rx,1,2,0D,00,00,00,00,00,00,00,
4302438477,00000547,false,Rx,1,2,0D,FF,00,00,00,00,00,00,
4302474842,00000207,false,Rx,1,8,00,00,C0,FF,C8,00,14,00,
4302475090,00000227,false,Rx,1,8,00,00,00,00,05,00,1F,C5,
4302475338,00000237,false,Rx,1,8,3D,41,00,00,00,00,00,00,
4302475578,00000247,false,Rx,1,8,44,7D,6E,03,00,00,20,00,
4302484616,00000217,false,Rx,1,8,02,C0,80,FD,9C,02,00,04,
4302525957,0000042C,false,Rx,1,8,96,60,00,00,21,00,00,00,
4302526197,0000043C,false,Rx,1,8,96,60,00,00,21,00,00,00,
4302526437,0000044C,false,Rx,1,8,96,60,00,00,21,00,00,00,
4302526954,0000042C,false,Rx,1,8,96,60,00,00,21,00,00,00,
4302527195,0000043C,false,Rx,1,8,96,60,00,00,21,00,00,00,
4302527436,0000044C,false,Rx,1,8,96,60,00,00,21,00,00,00,
4302538194,0000045C,false,Rx,1,8,00,00,09,3E,00,00,00,00,
4302574699,00000367,false,Rx,1,8,00,00,00,00,00,00,00,00,
4302574939,00000207,false,Rx,1,8,00,00,C0,FF,C8,00,14,00,
4302575188,00000227,false,Rx,1,8,00,00,00,00,01,00,1F,C5,
4302575435,00000237,false,Rx,1,8,3D,41,00,00,00,00,00,00,
4302575676,00000247,false,Rx,1,8,44,7D,6E,03,00,00,20,00,
4302575916,00000717,false,Rx,1,8,16,00,00,00,00,00,56,46,
4302584592,00000217,false,Rx,1,8,02,C0,80,FD,9C,02,00,04,
4302584838,00000377,false,Rx,1,8,00,00,00,00,00,00,00,00,
4302594695,00000347,false,Rx,1,8,00,00,00,00,00,08,00,00,
4302604692,00000357,false,Rx,1,8,00,00,00,00,00,00,18,00,
4302614689,00000327,false,Rx,1,8,00,00,00,00,00,00,00,00,
4302624687,00000337,false,Rx,1,8,00,00,00,00,00,00,00,00,
4302626959,0000042C,false,Rx,1,8,96,60,00,00,21,00,00,00,
4302627200,0000043C,false,Rx,1,8,96,60,00,00,21,00,00,00,
4302627440,0000044C,false,Rx,1,8,96,60,00,00,21,00,00,00,
4302638197,0000045C,false,Rx,1,8,00,00,09,3E,00,00,00,00,
4302638331,0000010C,false,Rx,1,2,0E,00,00,00,00,00,00,00,
4302638480,00000547,false,Rx,1,2,0E,FF,00,00,00,00,00,00,
4302674791,00000207,false,Rx,1,8,00,00,C0,FF,C8,00,14,00,
4302675037,00000227,false,Rx,1,8,00,00,00,00,00,00,1F,C5,
4302675286,00000237,false,Rx,1,8,3D,41,00,00,00,00,00,00,
4302675527,00000247,false,Rx,1,8,44,7D,6E,03,00,00,20,00,
4302675767,00000717,false,Rx,1,8,17,00,00,C0,03,00,00,00,
4302684576,00000217,false,Rx,1,8,02,C0,80,FD,9C,02,00,04,
4302726960,0000042C,false,Rx,1,8,96,60,00,00,21,00,00,00,
4302727200,0000043C,false,Rx,1,8,96,60,00,00,21,00,00,00,
4302727440,0000044C,false,Rx,1,8,96,60,00,00,21,00,00,00,
4302738197,0000045C,false,Rx,1,8,00,00,09,3E,00,00,00,00,
4302774785,00000207,false,Rx,1,8,00,00,C0,FF,C8,00,14,00,
4302775031,00000227,false,Rx,1,8,00,00,00,00,01,00,1F,C5,
4302775273,00000237,false,Rx,1,8,3D,41,00,00,00,00,00,00,
4302775514,00000247,false,Rx,1,8,44,7D,6E,03,00,00,20,00,
4302775761,00000717,false,Rx,1,8,18,00,00,00,00,00,00,00,
4302784556,00000217,false,Rx,1,8,02,C0,00,FD,9C,02,00,04,
4302826962,0000042C,false,Rx,1,8,96,60,00,00,21,00,00,00,
4302827209,0000043C,false,Rx,1,8,96,60,00,00,21,00,00,00,
4302827449,0000044C,false,Rx,1,8,96,60,00,00,21,00,00,00,
4302838198,0000045C,false,Rx,1,8,00,00,09,3E,00,00,00,00,
4302838334,0000010C,false,Rx,1,2,0F,00,00,00,00,00,00,00,
4302838490,00000547,false,Rx,1,2,0F,FF,00,00,00,00,00,00,
4302874740,00000207,false,Rx,1,8,00,00,C0,FF,C8,00,14,00,
4302874986,00000227,false,Rx,1,8,00,00,00,00,02,00,1F,C5,
4302875237,00000237,false,Rx,1,8,3D,41,00,00,00,00,00,00,
4302875477,00000247,false,Rx,1,8,44,7D,6E,03,00,00,20,00,
4302875717,00000717,false,Rx,1,8,19,00,00,00,00,00,00,00,
4302884512,00000217,false,Rx,1,8,02,C0,00,FD,9C,02,00,04,
4302926963,0000042C,false,Rx,1,8,96,60,00,00,21,00,00,00,
4302927203,0000043C,false,Rx,1,8,96,60,00,00,21,00,00,00,
4302927444,0000044C,false,Rx,1,8,96,60,00,00,21,00,00,00,
4302938202,0000045C,false,Rx,1,8,00,00,09,3E,00,00,00,00,
4302974732,00000207,false,Rx,1,8,00,00,C0,FF,C8,00,14,00,
4302974979,00000227,false,Rx,1,8,00,00,00,00,03,00,1F,C5,
4302975228,00000237,false,Rx,1,8,3D,41,00,00,00,00,00,00,
4302975468,00000247,false,Rx,1,8,44,7D,6E,03,00,00,20,00,
4302975715,00000717,false,Rx,1,8,01,00,00,00,00,00,00,00,
4302984501,00000217,false,Rx,1,8,02,C0,00,FD,9C,02,00,04,
4303026969,0000042C,false,Rx,1,8,96,60,00,00,21,00,00,00,
4303027208,0000043C,false,Rx,1,8,96,60,00,00,21,00,00,00,
4303027449,0000044C,false,Rx,1,8,96,60,00,00,21,00,00,00,
4303038201,0000045C,false,Rx,1,8,00,00,09,3E,00,00,00,00,
4303038336,0000010C,false,Rx,1,2,10,00,00,00,00,00,00,00,
4303038492,00000547,false,Rx,1,2,10,FF,00,00,00,00,00,00,
4303074674,00000207,false,Rx,1,8,00,00,C0,FF,C8,00,14,00,
4303074921,00000227,false,Rx,1,8,00,00,00,00,06,00,1F,C5,
4303075170,00000237,false,Rx,1,8,3D,41,00,00,00,00,00,00,
4303075410,00000247,false,Rx,1,8,44,7D,6E,03,00,00,20,00,
4303075658,00000717,false,Rx,1,8,02,00,00,00,00,00,00,00,
4303084496,00000217,false,Rx,1,8,02,00,01,FD,9C,02,00,04,
4303126963,0000042C,false,Rx,1,8,96,60,00,00,21,00,00,00,
4303127204,0000043C,false,Rx,1,8,96,60,00,00,21,00,00,00,
4303127444,0000044C,false,Rx,1,8,96,60,00,00,21,00,00,00,
4303138201,0000045C,false,Rx,1,8,00,00,09,3E,00,00,00,00,
4303174655,00000207,false,Rx,1,8,00,00,00,00,C8,00,14,00,
4303174909,00000227,false,Rx,1,8,00,00,00,00,04,00,1F,C5,
4303175150,00000237,false,Rx,1,8,3D,41,00,00,00,00,00,00,
4303175390,00000247,false,Rx,1,8,44,7D,6E,03,00,00,20,00,
4303184455,00000217,false,Rx,1,8,02,00,01,FD,9C,02,00,04,
4303226965,0000042C,false,Rx,1,8,96,60,00,00,21,00,00,00,
4303227206,0000043C,false,Rx,1,8,96,60,00,00,21,00,00,00,
4303227453,0000044C,false,Rx,1,8,96,60,00,00,21,00,00,00,
4303238204,0000045C,false,Rx,1,8,00,00,09,3E,00,00,00,00,
4303238330,0000010C,false,Rx,1,2,11,00,00,00,00,00,00,00,
4303238480,00000547,false,Rx,1,2,11,FF,00,00,00,00,00,00,
4303274672,00000207,false,Rx,1,8,00,00,C0,FF,C8,00,14,00,
4303274918,00000227,false,Rx,1,8,00,00,00,00,05,00,1F,C5,
4303275167,00000237,false,Rx,1,8,3D,41,00,00,00,00,00,00,
4303275401,00000247,false,Rx,1,8,44,7D,6E,03,00,00,20,00,
4303275648,00000717,false,Rx,1,8,04,00,00,00,00,00,00,00,
4303284448,00000217,false,Rx,1,8,02,00,01,FD,9C,02,00,04,
4303326969,0000042C,false,Rx,1,8,96,60,00,00,21,00,00,00,
4303327209,0000043C,false,Rx,1,8,96,60,00,00,21,00,00,00,
4303327449,0000044C,false,Rx,1,8,96,60,00,00,21,00,00,00,
4303338199,0000045C,false,Rx,1,8,00,00,09,3E,00,00,00,00,
4303374622,00000207,false,Rx,1,8,00,00,C0,FF,C8,00,14,00,
4303374860,00000227,false,Rx,1,8,00,00,00,00,00,00,1F,C5,
4303375108,00000237,false,Rx,1,8,3D,41,00,00,00,00,00,00,
4303375350,00000247,false,Rx,1,8,44,7D,6E,03,00,00,20,00,
4303375597,00000717,false,Rx,1,8,05,00,00,00,00,00,00,00,
4303384408,00000217,false,Rx,1,8,02,00,01,FD,9C,02,00,04,
4303426966,0000042C,false,Rx,1,8,96,60,00,00,21,00,00,00,
4303427214,0000043C,false,Rx,1,8,96,60,00,00,21,00,00,00,
4303427447,0000044C,false,Rx,1,8,96,60,00,00,21,00,00,00,
4303438205,0000045C,false,Rx,1,8,00,00,09,3E,00,00,00,00,
4303438339,0000010C,false,Rx,1,2,12,00,00,00,00,00,00,00,
4303438495,00000547,false,Rx,1,2,12,FF,00,00,00,00,00,00,
4303474624,00000207,false,Rx,1,8,00,00,C0,FF,C8,00,14,00,
4303474871,00000227,false,Rx,1,8,00,00,00,00,01,00,1F,C5,
4303475119,00000237,false,Rx,1,8,3D,41,00,00,00,00,00,00,
4303475352,00000247,false,Rx,1,8,44,7D,6E,03,00,00,20,00,
4303475592,00000717,false,Rx,1,8,06,00,4E,46,66,06,00,40,
4303484408,00000217,false,Rx,1,8,02,00,01,FD,9C,02,00,04,
4303526974,0000042C,false,Rx,1,8,96,60,00,00,20,00,00,00,
4303527215,0000043C,false,Rx,1,8,96,60,00,00,20,00,00,00,
4303527455,0000044C,false,Rx,1,8,96,60,00,00,20,00,00,00,
4303538204,0000045C,false,Rx,1,8,00,00,09,3E,00,00,00,00,
4303574493,00000367,false,Rx,1,8,00,00,00,00,00,00,00,00,
4303574740,00000207,false,Rx,1,8,00,00,C0,FF,C8,00,14,00,
4303574981,00000227,false,Rx,1,8,00,00,00,00,04,00,1F,C5,
4303575229,00000237,false,Rx,1,8,3D,41,00,00,00,00,00,00,
4303575469,00000247,false,Rx,1,8,44,7D,6E,03,00,00,20,00,
4303575717,00000717,false,Rx,1,8,07,00,00,00,02,0A,00,00,
4303584388,00000217,false,Rx,1,8,02,00,01,FD,9C,02,00,04,
4303584634,00000377,false,Rx,1,8,00,00,00,00,00,00,00,00,
4303594489,00000347,false,Rx,1,8,00,00,00,00,00,08,00,00,
4303604478,00000357,false,Rx,1,8,00,00,00,00,00,00,18,00,
4303614482,00000327,false,Rx,1,8,00,00,00,00,00,00,00,00,
4303624478,00000337,false,Rx,1,8,00,00,00,00,00,00,00,00,
4303626978,0000042C,false,Rx,1,8,96,60,00,00,20,00,00,00,
4303627219,0000043C,false,Rx,1,8,96,60,00,00,20,00,00,00,
4303627459,0000044C,false,Rx,1,8,96,60,00,00,20,00,00,00,
4303638209,0000045C,false,Rx,1,8,00,00,09,3E,00,00,00,00,
4303638343,0000010C,false,Rx,1,2,13,00,00,00,00,00,00,00,
4303638492,00000547,false,Rx,1,2,13,FF,00,00,00,00,00,00,
4303674549,00000207,false,Rx,1,8,00,00,C0,FF,C8,00,14,00,
4303674796,00000227,false,Rx,1,8,00,00,00,00,00,00,1F,C5,
4303675043,00000237,false,Rx,1,8,3D,41,00,00,00,00,00,00,
4303675278,00000247,false,Rx,1,8,44,7D,6E,03,00,00,20,00,
4303675519,00000717,false,Rx,1,8,08,00,00,00,5A,46,00,00,
4303684342,00000217,false,Rx,1,8,02,00,01,FD,9C,02,00,04,
4303726977,0000042C,false,Rx,1,8,96,60,00,00,20,00,00,00,
4303727217,0000043C,false,Rx,1,8,96,60,00,00,20,00,00,00,
4303727464,0000044C,false,Rx,1,8,96,60,00,00,20,00,00,00,
4303738207,0000045C,false,Rx,1,8,00,00,09,3E,00,00,00,00,
4303774547,00000207,false,Rx,1,8,00,00,C0,FF,C8,00,14,00,
4303774793,00000227,false,Rx,1,8,00,00,00,00,01,00,1F,C5,
4303775041,00000237,false,Rx,1,8,3D,41,00,00,00,00,00,00,
4303775275,00000247,false,Rx,1,8,44,7D,6E,03,00,00,20,00,
4303775515,00000717,false,Rx,1,8,09,00,DA,45,00,00,00,00,
4303784339,00000217,false,Rx,1,8,02,00,01,FD,9C,02,00,04,
4303826974,0000042C,false,Rx,1,8,96,60,00,00,20,00,00,00,
4303827222,0000043C,false,Rx,1,8,96,60,00,00,20,00,00,00,
4303827462,0000044C,false,Rx,1,8,96,60,00,00,20,00,00,00,
4303838206,0000045C,false,Rx,1,8,00,00,09,3E,00,00,00,00,
4303838342,0000010C,false,Rx,1,2,14,00,00,00,00,00,00,00,
4303838498,00000547,false,Rx,1,2,14,FF,00,00,00,00,00,00,
4303874502,00000207,false,Rx,1,8,00,00,C0,FF,C8,00,14,00,
4303874748,00000227,false,Rx,1,8,00,00,00,00,01,00,1F,C5,
4303874995,00000237,false,Rx,1,8,3D,41,00,00,00,00,00,00,
4303875238,00000247,false,Rx,1,8,44,7D,6E,03,00,00,20,00,
4303875485,00000717,false,Rx,1,8,0A,00,00,00,00,00,00,00,
4303884294,00000217,false,Rx,1,8,02,00,81,FC,9C,02,00,04,
4303926979,0000042C,false,Rx,1,8,96,60,00,00,20,00,00,00,
4303927218,0000043C,false,Rx,1,8,96,60,00,00,20,00,00,00,
4303927459,0000044C,false,Rx,1,8,96,60,00,00,20,00,00,00,
4303938212,0000045C,false,Rx,1,8,00,00,09,3E,00,00,00,00,
4303974507,00000207,false,Rx,1,8,00,00,C0,FF,C8,00,14,00,
4303974753,00000227,false,Rx,1,8,00,00,00,00,00,00,1F,C5,
4303975001,00000237,false,Rx,1,8,3D,41,00,00,00,00,00,00,
4303975236,00000247,false,Rx,1,8,44,7D,6E,03,00,00,20,00,
4303975483,00000717,false,Rx,1,8,0B,00,00,00,00,00,00,00,
4303984300,00000217,false,Rx,1,8,02,00,81,FC,9C,02,00,04,
4304026981,0000042C,false,Rx,1,8,96,60,00,00,20,00,00,00,
4304027222,0000043C,false,Rx,1,8,96,60,00,00,20,00,00,00,
4304027462,0000044C,false,Rx,1,8,96,60,00,00,20,00,00,00,
4304038212,0000045C,false,Rx,1,8,00,00,09,3E,00,00,00,00,
4304038346,0000010C,false,Rx,1,2,15,00,00,00,00,00,00,00,
4304038502,00000547,false,Rx,1,2,15,FF,00,00,00,00,00,00,
4304074481,00000207,false,Rx,1,8,00,00,C0,FF,C8,00,14,00,
4304074735,00000227,false,Rx,1,8,00,00,00,00,02,00,1F,C5,
4304074984,00000237,false,Rx,1,8,3D,41,00,00,00,00,00,00,
4304075218,00000247,false,Rx,1,8,44,7D,6E,03,00,00,20,00,
4304075458,00000717,false,Rx,1,8,0C,01,00,04,04,00,01,00,
4304084274,00000217,false,Rx,1,8,02,00,81,FC,9C,02,00,04,
4304126978,0000042C,false,Rx,1,8,96,60,00,00,20,00,00,00,
4304127219,0000043C,false,Rx,1,8,96,60,00,00,20,00,00,00,
4304127467,0000044C,false,Rx,1,8,96,60,00,00,20,00,00,00,
4304138209,0000045C,false,Rx,1,8,00,00,09,3E,00,00,00,00,
4304174458,00000207,false,Rx,1,8,00,00,C0,FF,C8,00,14,00,
4304174698,00000227,false,Rx,1,8,00,00,00,00,01,00,1F,C5,
4304174953,00000237,false,Rx,1,8,3D,41,00,00,00,00,00,00,
4304175188,00000247,false,Rx,1,8,44,7D,6E,03,00,00,20,00,
4304175429,00000717,false,Rx,1,8,0E,00,00,02,06,0E,00,00,
4304184230,00000217,false,Rx,1,8,02,00,81,FC,9C,02,00,04,
4304226979,0000042C,false,Rx,1,8,96,60,00,00,20,00,00,00,
4304227219,0000043C,false,Rx,1,8,96,60,00,00,20,00,00,00,
4304227467,0000044C,false,Rx,1,8,96,60,00,00,20,00,00,00,
4304238217,0000045C,false,Rx,1,8,00,00,09,3E,00,00,00,00,
4304238343,0000010C,false,Rx,1,2,16,00,00,00,00,00,00,00,
4304238493,00000547,false,Rx,1,2,16,FF,00,00,00,00,00,00,
4304274450,00000207,false,Rx,1,8,00,00,C0,FF,C8,00,14,00,
4304274697,00000227,false,Rx,1,8,00,00,00,00,02,00,1F,C5,
4304274945,00000237,false,Rx,1,8,3D,41,00,00,00,00,00,00,
4304275186,00000247,false,Rx,1,8,44,7D,6E,03,00,00,20,00,
4304275419,00000717,false,Rx,1,8,0F,00,EB,01,75,11,00,00,
4304284234,00000217,false,Rx,1,8,02,00,81,FC,9C,02,00,04,
4304326982,0000042C,false,Rx,1,8,96,60,00,00,20,00,00,00,
4304327222,0000043C,false,Rx,1,8,96,60,00,00,20,00,00,00,
4304327463,0000044C,false,Rx,1,8,96,60,00,00,20,00,00,00,
4304338212,0000045C,false,Rx,1,8,00,00,09,3E,00,00,00,00,
4304374438,00000207,false,Rx,1,8,00,00,C0,FF,C8,00,14,00,
4304374685,00000227,false,Rx,1,8,00,00,00,00,00,00,1F,C5,
4304374932,00000237,false,Rx,1,8,3D,41,00,00,00,00,00,00,
4304375166,00000247,false,Rx,1,8,44,7D,6E,03,00,00,20,00,
4304375406,00000717,false,Rx,1,8,10,08,00,FF,04,90,FF,00,
4304384214,00000217,false,Rx,1,8,02,00,81,FC,9C,02,00,04,
4304426985,0000042C,false,Rx,1,8,96,60,00,00,20,00,00,00,
4304427226,0000043C,false,Rx,1,8,96,60,00,00,20,00,00,00,
4304427467,0000044C,false,Rx,1,8,96,60,00,00,20,00,00,00,
4304438212,0000045C,false,Rx,1,8,00,00,09,3E,00,00,00,00,
4304438346,0000010C,false,Rx,1,2,17,00,00,00,00,00,00,00,
4304438495,00000547,false,Rx,1,2,17,FF,00,00,00,00,00,00,
4304474381,00000207,false,Rx,1,8,00,00,C0,FF,C8,00,14,00,
4304474627,00000227,false,Rx,1,8,00,00,00,00,01,00,1F,C5,
4304474882,00000237,false,Rx,1,8,3D,41,00,00,00,00,00,00,
4304475115,00000247,false,Rx,1,8,44,7D,6E,03,00,00,20,00,
4304475364,00000717,false,Rx,1,8,11,00,00,00,00,00,02,02,
4304484187,00000217,false,Rx,1,8,02,00,81,FC,9C,02,00,04,
4304525981,0000042C,false,Rx,1,8,96,60,00,00,20,00,00,00,
4304526229,0000043C,false,Rx,1,8,96,60,00,00,20,00,00,00,
4304526470,0000044C,false,Rx,1,8,96,60,00,00,20,00,00,00,
4304527991,0000042C,false,Rx,1,8,96,60,00,00,20,00,00,00,
4304528228,0000043C,false,Rx,1,8,96,60,00,00,20,00,00,00,
4304528475,0000044C,false,Rx,1,8,96,60,00,00,20,00,00,00,
4304538220,0000045C,false,Rx,1,8,00,00,09,3E,00,00,00,00,
4304574268,00000367,false,Rx,1,8,00,00,00,00,00,00,00,00,
4304574521,00000207,false,Rx,1,8,00,00,00,00,C8,00,14,00,
4304574763,00000227,false,Rx,1,8,00,00,00,00,01,00,1F,C5,
4304575017,00000237,false,Rx,1,8,3D,41,00,00,00,00,00,00,
4304575251,00000247,false,Rx,1,8,44,7D,6E,03,00,00,20,00,
4304575491,00000717,false,Rx,1,8,12,3F,26,00,27,00,17,00,
4304584161,00000217,false,Rx,1,8,02,00,81,FC,9C,02,00,04,
4304584415,00000377,false,Rx,1,8,00,00,00,00,00,00,00,00,
4304594262,00000347,false,Rx,1,8,00,00,00,00,00,08,00,00,
4304604260,00000357,false,Rx,1,8,00,00,00,00,00,00,18,00,
4304614273,00000327,false,Rx,1,8,00,00,00,00,00,00,00,00,
4304624255,00000337,false,Rx,1,8,00,00,00,00,00,00,00,00,
4304627986,0000042C,false,Rx,1,8,96,60,00,00,20,00,00,00,
4304628233,0000043C,false,Rx,1,8,96,60,00,00,20,00,00,00,
4304628473,0000044C,false,Rx,1,8,96,60,00,00,20,00,00,00,
4304638219,0000045C,false,Rx,1,8,00,00,09,3E,00,00,00,00,
4304638353,0000010C,false,Rx,1,2,18,00,00,00,00,00,00,00,
4304638503,00000547,false,Rx,1,2,18,FF,00,00,00,00,00,00,
4304674330,00000207,false,Rx,1,8,00,00,C0,FF,C8,00,14,00,
4304674577,00000227,false,Rx,1,8,00,00,00,00,03,00,1F,C5,
4304674825,00000237,false,Rx,1,8,3D,41,00,00,00,00,00,00,
4304675065,00000247,false,Rx,1,8,44,7D,6E,03,00,00,20,00,
4304675314,00000717,false,Rx,1,8,13,00,00,00,00,00,00,00,
4304684138,00000217,false,Rx,1,8,02,00,81,FC,9C,02,00,04,
4304727991,0000042C,false,Rx,1,8,96,60,00,00,20,00,00,00,
4304728231,0000043C,false,Rx,1,8,96,60,00,00,20,00,00,00,
4304728472,0000044C,false,Rx,1,8,96,60,00,00,20,00,00,00,
4304738224,0000045C,false,Rx,1,8,00,00,09,3E,00,00,00,00,
4304774337,00000207,false,Rx,1,8,00,00,C0,FF,C8,00,14,00,
4304774584,00000227,false,Rx,1,8,00,00,00,00,02,00,1F,C5,
4304774831,00000237,false,Rx,1,8,3D,41,00,00,00,00,00,00,
4304775071,00000247,false,Rx,1,8,44,7D,6E,03,00,00,20,00,
4304775321,00000717,false,Rx,1,8,14,00,00,00,15,00,00,00,
4304784132,00000217,false,Rx,1,8,02,00,81,FC,9C,02,00,04,
4304827989,0000042C,false,Rx,1,8,96,60,00,00,20,00,00,00,
4304828230,0000043C,false,Rx,1,8,96,60,00,00,20,00,00,00,
4304828470,0000044C,false,Rx,1,8,96,60,00,00,20,00,00,00,
4304838223,0000045C,false,Rx,1,8,00,00,09,3E,00,00,00,00,
4304838357,0000010C,false,Rx,1,2,19,00,00,00,00,00,00,00,
4304838498,00000547,false,Rx,1,2,19,FF,00,00,00,00,00,00,
4304874295,00000207,false,Rx,1,8,00,00,C0,FF,C8,00,14,00,
4304874541,00000227,false,Rx,1,8,00,00,00,00,00,00,1F,C5,
4304874788,00000237,false,Rx,1,8,3D,41,00,00,00,00,00,00,
4304875028,00000247,false,Rx,1,8,44,7D,6E,03,00,00,20,00,
4304884105,00000217,false,Rx,1,8,02,00,81,FC,9C,02,00,04,
4304927992,0000042C,false,Rx,1,8,96,60,00,00,20,00,00,00,
4304928233,0000043C,false,Rx,1,8,96,60,00,00,20,00,00,00,
4304928480,0000044C,false,Rx,1,8,96,60,00,00,20,00,00,00,
4304938232,0000045C,false,Rx,1,8,00,00,09,3E,00,00,00,00,
4304974273,00000207,false,Rx,1,8,00,00,C0,FF,C8,00,14,00,
4304974519,00000227,false,Rx,1,8,00,00,00,00,01,00,1F,C5,
4304974767,00000237,false,Rx,1,8,3D,41,00,00,00,00,00,00,
4304975008,00000247,false,Rx,1,8,44,7D,6E,03,00,00,20,00,
4304975249,00000717,false,Rx,1,8,16,00,00,00,00,00,FA,45,
4304984063,00000217,false,Rx,1,8,02,00,81,FC,9C,02,00,04,
4305027991,0000042C,false,Rx,1,8,96,60,00,00,20,00,00,00,
4305028231,0000043C,false,Rx,1,8,96,60,00,00,20,00,00,00,
4305028479,0000044C,false,Rx,1,8,96,60,00,00,20,00,00,00,
4305038217,0000045C,false,Rx,1,8,00,00,09,3E,00,00,00,00,
4305038351,0000010C,false,Rx,1,2,1A,00,00,00,00,00,00,00,
4305038499,00000547,false,Rx,1,2,1A,FF,00,00,00,00,00,00,
4305074277,00000207,false,Rx,1,8,00,00,C0,FF,C8,00,14,00,
4305074523,00000227,false,Rx,1,8,00,00,00,00,00,00,1F,C5,
4305074772,00000237,false,Rx,1,8,3D,41,00,00,00,00,00,00,
4305075012,00000247,false,Rx,1,8,44,7D,6E,03,00,00,20,00,
4305075253,00000717,false,Rx,1,8,17,00,00,40,04,00,00,00,
4305084070,00000217,false,Rx,1,8,02,00,81,FC,9C,02,00,04,
4305127995,0000042C,false,Rx,1,8,96,60,00,00,20,00,00,00,
4305128235,0000043C,false,Rx,1,8,96,60,00,00,20,00,00,00,
4305128476,0000044C,false,Rx,1,8,96,60,00,00,20,00,00,00,
4305138222,0000045C,false,Rx,1,8,00,00,09,3E,00,00,00,00,
4305174224,00000207,false,Rx,1,8,00,00,C0,FF,C8,00,14,00,
4305174470,00000227,false,Rx,1,8,00,00,00,00,01,00,1F,C5,
4305174718,00000237,false,Rx,1,8,3D,41,00,00,00,00,00,00,
4305174958,00000247,false,Rx,1,8,44,7D,6E,03,00,00,20,00,
4305175207,00000717,false,Rx,1,8,18,00,00,00,00,00,00,00,
4305184030,00000217,false,Rx,1,8,02,00,81,FC,9C,02,00,04,
4305227989,0000042C,false,Rx,1,8,96,60,00,00,20,00,00,00,
4305228236,0000043C,false,Rx,1,8,96,60,00,00,20,00,00,00,
4305228477,0000044C,false,Rx,1,8,96,60,00,00,20,00,00,00,
4305238221,0000045C,false,Rx,1,8,00,00,09,3E,00,00,00,00,
4305238356,0000010C,false,Rx,1,2,1B,00,00,00,00,00,00,00,
4305238513,00000547,false,Rx,1,2,1B,FF,00,00,00,00,00,00,
4305274229,00000207,false,Rx,1,8,00,00,C0,FF,C8,00,14,00,
4305274468,00000227,false,Rx,1,8,00,00,00,00,01,00,1F,C5,
4305274723,00000237,false,Rx,1,8,3D,41,00,00,00,00,00,00,
4305274956,00000247,false,Rx,1,8,44,7D,6E,03,00,00,20,00,
4305275205,00000717,false,Rx,1,8,19,00,00,00,00,00,00,00,
4305284022,00000217,false,Rx,1,8,02,00,81,FC,9C,02,00,04,
4305327994,0000042C,false,Rx,1,8,96,60,00,00,20,00,00,00,
4305328235,0000043C,false,Rx,1,8,96,60,00,00,20,00,00,00,
4305328475,0000044C,false,Rx,1,8,96,60,00,00,20,00,00,00,
4305338223,0000045C,false,Rx,1,8,00,00,09,3E,00,00,00,00,
4305374201,00000207,false,Rx,1,8,00,00,C0,FF,C8,00,14,00,
4305374448,00000227,false,Rx,1,8,00,00,00,00,01,00,1F,C5,
4305374695,00000237,false,Rx,1,8,3D,41,00,00,00,00,00,00,
4305374935,00000247,false,Rx,1,8,44,7D,6E,03,00,00,20,00,
4305375185,00000717,false,Rx,1,8,01,00,00,00,00,00,00,00,
4305384002,00000217,false,Rx,1,8,02,00,81,FC,9C,02,00,04,
4305427997,0000042C,false,Rx,1,8,96,60,00,00,20,00,00,00,
4305428237,0000043C,false,Rx,1,8,96,60,00,00,20,00,00,00,
4305428477,0000044C,false,Rx,1,8,96,60,00,00,20,00,00,00,
4305438223,0000045C,false,Rx,1,8,00,00,09,3E,00,00,00,00,
4305438357,0000010C,false,Rx,1,2,1C,00,00,00,00,00,00,00,
4305438521,00000547,false,Rx,1,2,1C,FF,00,00,00,00,00,00,
4305474162,00000207,false,Rx,1,8,00,00,C0,FF,C8,00,14,00,
4305474409,00000227,false,Rx,1,8,00,00,00,00,06,00,1F,C5,
4305474656,00000237,false,Rx,1,8,3D,41,00,00,00,00,00,00,
4305474897,00000247,false,Rx,1,8,44,7D,6E,03,00,00,20,00,
4305475145,00000717,false,Rx,1,8,02,00,00,00,00,00,00,00,
4305483961,00000217,false,Rx,1,8,02,00,81,FC,9C,02,00,04,
4305527997,0000042C,false,Rx,1,8,96,60,00,00,20,00,00,00,
4305528237,0000043C,false,Rx,1,8,96,60,00,00,20,00,00,00,
4305528484,0000044C,false,Rx,1,8,96,60,00,00,20,00,00,00,
4305538224,0000045C,false,Rx,1,8,00,00,09,3E,00,00,00,00,
4305574066,00000367,false,Rx,1,8,00,00,00,00,00,00,00,00,
4305574305,00000207,false,Rx,1,8,00,00,C0,FF,C8,00,14,00,
4305574553,00000227,false,Rx,1,8,00,00,00,00,02,00,1F,C5,
4305574801,00000237,false,Rx,1,8,3D,41,00,00,00,00,00,00,
4305575041,00000247,false,Rx,1,8,44,7D,6E,03,00,00,20,00,
4305583955,00000217,false,Rx,1,8,02,00,81,FC,9C,02,00,04,
4305584203,00000377,false,Rx,1,8,00,00,00,00,00,00,00,00,
4305594058,00000347,false,Rx,1,8,00,00,00,00,00,08,00,00,
4305604055,00000357,false,Rx,1,8,00,00,00,00,00,00,18,00,
4305614052,00000327,false,Rx,1,8,00,00,00,00,00,00,00,00,
4305624052,00000337,false,Rx,1,8,00,00,00,00,00,00,00,00,
4305627997,0000042C,false,Rx,1,8,96,60,00,00,20,00,00,00,
4305628237,0000043C,false,Rx,1,8,96,60,00,00,20,00,00,00,
4305628485,0000044C,false,Rx,1,8,96,60,00,00,20,00,00,00,
4305638222,0000045C,false,Rx,1,8,00,00,09,3E,00,00,00,00,
4305638356,0000010C,false,Rx,1,2,1D,00,00,00,00,00,00,00,
4305638513,00000547,false,Rx,1,2,1D,FF,00,00,00,00,00,00,
4305674143,00000207,false,Rx,1,8,00,00,C0,FF,C8,00,14,00,
4305674382,00000227,false,Rx,1,8,00,00,00,00,0B,00,1F,C5,
4305674631,00000237,false,Rx,1,8,3D,41,00,00,00,00,00,00,
4305674871,00000247,false,Rx,1,8,44,7D,6E,03,00,00,20,00,
4305675118,00000717,false,Rx,1,8,04,00,00,00,00,00,00,00,
4305683930,00000217,false,Rx,1,8,02,00,81,FC,9C,02,00,04,
4305727999,0000042C,false,Rx,1,8,96,60,00,00,20,00,00,00,
4305728239,0000043C,false,Rx,1,8,96,60,00,00,20,00,00,00,
4305728480,0000044C,false,Rx,1,8,96,60,00,00,20,00,00,00,
4305738226,0000045C,false,Rx,1,8,00,00,09,3E,00,00,00,00,
4305774136,00000207,false,Rx,1,8,00,00,00,00,C8,00,14,00,
4305774383,00000227,false,Rx,1,8,00,00,00,00,02,00,1F,C5,
4305774631,00000237,false,Rx,1,8,3D,41,00,00,00,00,00,00,
4305774870,00000247,false,Rx,1,8,44,7D,6E,03,00,00,20,00,
4305775118,00000717,false,Rx,1,8,05,00,00,00,00,00,00,00,
4305783919,00000217,false,Rx,1,8,02,00,81,FC,9C,02,00,04,
4305827996,0000042C,false,Rx,1,8,96,60,00,00,20,00,00,00,
4305828245,0000043C,false,Rx,1,8,96,60,00,00,20,00,00,00,
4305828485,0000044C,false,Rx,1,8,96,60,00,00,20,00,00,00,
4305838229,0000045C,false,Rx,1,8,00,00,09,3E,00,00,00,00,
4305838356,0000010C,false,Rx,1,2,1E,00,00,00,00,00,00,00,
4305838512,00000547,false,Rx,1,2,1E,FF,00,00,00,00,00,00,
4305874105,00000207,false,Rx,1,8,00,00,C0,FF,C8,00,14,00,
4305874346,00000227,false,Rx,1,8,00,00,00,00,00,00,1F,C5,
4305874601,00000237,false,Rx,1,8,3D,41,00,00,00,00,00,00,
4305874833,00000247,false,Rx,1,8,44,7D,6E,03,00,00,20,00,
4305875074,00000717,false,Rx,1,8,06,00,02,46,66,06,00,40,
4305883897,00000217,false,Rx,1,8,02,00,81,FC,9C,02,00,04,
4305928000,0000042C,false,Rx,1,8,96,60,00,00,20,00,00,00,
4305928240,0000043C,false,Rx,1,8,96,60,00,00,20,00,00,00,
4305928488,0000044C,false,Rx,1,8,96,60,00,00,20,00,00,00,
4305938233,0000045C,false,Rx,1,8,00,00,09,3E,00,00,00,00,
4305974062,00000207,false,Rx,1,8,00,00,C0,FF,C8,00,14,00,
4305974310,00000227,false,Rx,1,8,00,00,00,00,01,00,1F,C5,
4305974558,00000237,false,Rx,1,8,3D,41,00,00,00,00,00,00,
4305974797,00000247,false,Rx,1,8,44,7D,6E,03,00,00,20,00,
4305975038,00000717,false,Rx,1,8,07,00,00,00,02,0A,00,00,
4305983856,00000217,false,Rx,1,8,02,00,81,FC,9C,02,00,04,
4306028005,0000042C,false,Rx,1,8,96,60,00,00,20,00,00,00,
4306028244,0000043C,false,Rx,1,8,96,60,00,00,20,00,00,00,
4306028484,0000044C,false,Rx,1,8,96,60,00,00,20,00,00,00,
4306038232,0000045C,false,Rx,1,8,00,00,09,3E,00,00,00,00,
4306038366,0000010C,false,Rx,1,2,1F,00,00,00,00,00,00,00,
4306038507,00000547,false,Rx,1,2,1F,FF,00,00,00,00,00,00,
4306074070,00000207,false,Rx,1,8,00,00,C0,FF,C8,00,14,00,
4306074310,00000227,false,Rx,1,8,00,00,00,00,0F,00,1F,C5,
4306074565,00000237,false,Rx,1,8,3D,41,00,00,00,00,00,00,
4306074798,00000247,false,Rx,1,8,44,7D,6E,03,00,00,20,00,
4306075038,00000717,false,Rx,1,8,08,00,00,00,FE,45,00,00,
4306083846,00000217,false,Rx,1,8,02,00,81,FC,9C,02,00,04,
4306128002,0000042C,false,Rx,1,8,96,60,00,00,20,00,00,00,
4306128241,0000043C,false,Rx,1,8,96,60,00,00,20,00,00,00,
4306128490,0000044C,false,Rx,1,8,96,60,00,00,20,00,00,00,
4306138226,0000045C,false,Rx,1,8,00,00,09,3E,00,00,00,00,
4306174015,00000207,false,Rx,1,8,00,00,C0,FF,C8,00,14,00,
4306174263,00000227,false,Rx,1,8,00,00,00,00,01,00,1F,C5,
4306174511,00000237,false,Rx,1,8,3D,41,00,00,00,00,00,00,
4306174744,00000247,false,Rx,1,8,44,7D,6E,03,00,00,20,00,
4306174984,00000717,false,Rx,1,8,09,00,D2,45,00,00,00,00,
4306183831,00000217,false,Rx,1,8,02,00,81,FC,9C,02,00,04,
4306228006,0000042C,false,Rx,1,8,96,60,00,00,20,00,00,00,
4306228247,0000043C,false,Rx,1,8,96,60,00,00,20,00,00,00,
4306228487,0000044C,false,Rx,1,8,96,60,00,00,20,00,00,00,
4306238233,0000045C,false,Rx,1,8,00,00,09,3E,00,00,00,00,
4306238359,0000010C,false,Rx,1,2,20,00,00,00,00,00,00,00,
4306238523,00000547,false,Rx,1,2,20,FF,00,00,00,00,00,00,
4306273995,00000207,false,Rx,1,8,00,00,00,00,C8,00,14,00,
4306274242,00000227,false,Rx,1,8,00,00,00,00,01,00,1F,C5,
4306274490,00000237,false,Rx,1,8,3D,41,00,00,00,00,00,00,
4306274730,00000247,false,Rx,1,8,44,7D,6E,03,00,00,20,00,
4306274977,00000717,false,Rx,1,8,0A,00,00,00,00,00,00,00,
4306283796,00000217,false,Rx,1,8,02,00,81,FC,9C,02,00,04,
4306328004,0000042C,false,Rx,1,8,96,60,00,00,20,00,00,00,
4306328245,0000043C,false,Rx,1,8,96,60,00,00,20,00,00,00,
4306328492,0000044C,false,Rx,1,8,96,60,00,00,20,00,00,00,
4306338229,0000045C,false,Rx,1,8,00,00,09,3E,00,00,00,00,
4306374016,00000207,false,Rx,1,8,00,00,00,00,C8,00,14,00,
4306374265,00000227,false,Rx,1,8,00,00,00,00,03,00,1F,C5,
4306374512,00000237,false,Rx,1,8,3D,41,00,00,00,00,00,00,
4306374745,00000247,false,Rx,1,8,44,7D,6E,03,00,00,20,00,
4306374993,00000717,false,Rx,1,8,0B,00,00,00,00,00,00,00,
4306383786,00000217,false,Rx,1,8,02,00,81,FC,9C,02,00,04,
4306428010,0000042C,false,Rx,1,8,96,60,00,00,20,00,00,00,
4306428251,0000043C,false,Rx,1,8,96,60,00,00,20,00,00,00,
4306428491,0000044C,false,Rx,1,8,96,60,00,00,20,00,00,00,
4306438237,0000045C,false,Rx,1,8,00,00,09,3E,00,00,00,00,
4306438363,0000010C,false,Rx,1,2,21,00,00,00,00,00,00,00,
4306438542,00000547,false,Rx,1,2,21,FF,00,00,00,00,00,00,
4306473968,00000207,false,Rx,1,8,00,00,00,00,C8,00,14,00,
4306474218,00000227,false,Rx,1,8,00,00,00,00,00,00,1F,C5,
4306474466,00000237,false,Rx,1,8,3D,41,00,00,00,00,00,00,
4306474698,00000247,false,Rx,1,8,44,7D,6E,03,00,00,20,00,
4306474947,00000717,false,Rx,1,8,0C,01,00,04,04,00,01,00,
4306483740,00000217,false,Rx,1,8,02,00,81,FC,9C,02,00,04,
4306527004,0000042C,false,Rx,1,8,96,60,00,00,20,00,00,00,
4306527252,0000043C,false,Rx,1,8,96,60,00,00,20,00,00,00,
4306527492,0000044C,false,Rx,1,8,96,60,00,00,20,00,00,00,
4306538219,0000045C,false,Rx,1,8,00,00,09,3E,00,00,00,00,
4306573856,00000367,false,Rx,1,8,00,00,00,00,00,00,00,00,
4306574103,00000207,false,Rx,1,8,00,00,C0,FF,C8,00,14,00,
4306574351,00000227,false,Rx,1,8,00,00,00,00,04,00,1F,C5,
4306574598,00000237,false,Rx,1,8,3D,41,00,00,00,00,00,00,
4306574832,00000247,false,Rx,1,8,44,7D,6E,03,00,00,20,00,
4306575072,00000717,false,Rx,1,8,0E,00,00,02,66,17,00,00,
4306583749,00000217,false,Rx,1,8,02,00,81,FC,9C,02,00,04,
4306583996,00000377,false,Rx,1,8,00,00,00,00,00,00,00,00,
4306593843,00000347,false,Rx,1,8,00,00,00,00,00,08,00,00,
4306603841,00000357,false,Rx,1,8,00,00,00,00,00,00,18,00,
4306613844,00000327,false,Rx,1,8,00,00,00,00,00,00,00,00,
4306623841,00000337,false,Rx,1,8,00,00,00,00,00,00,00,00,
4306626992,0000042C,false,Rx,1,8,96,60,00,00,21,00,00,00,
4306627239,0000043C,false,Rx,1,8,96,60,00,00,21,00,00,00,
4306627479,0000044C,false,Rx,1,8,96,60,00,00,21,00,00,00,
4306638224,0000045C,false,Rx,1,8,00,00,09,3E,00,00,00,00,
4306638350,0000010C,false,Rx,1,2,22,00,00,00,00,00,00,00,
4306638500,00000547,false,Rx,1,2,22,FF,00,00,00,00,00,00,
4306673934,00000207,false,Rx,1,8,00,00,C0,FF,C8,00,14,00,
4306674181,00000227,false,Rx,1,8,00,00,00,00,03,00,1F,C5,
4306674428,00000237,false,Rx,1,8,3D,41,00,00,00,00,00,00,
4306674669,00000247,false,Rx,1,8,44,7D,6E,03,00,00,20,00,
4306674902,00000717,false,Rx,1,8,0F,00,EB,01,7C,11,00,00,
4306683725,00000217,false,Rx,1,8,02,00,81,FC,9C,02,00,04,
4306726994,0000042C,false,Rx,1,8,96,60,00,00,21,00,00,00,
4306727234,0000043C,false,Rx,1,8,96,60,00,00,21,00,00,00,
4306727475,0000044C,false,Rx,1,8,96,60,00,00,21,00,00,00,
4306738220,0000045C,false,Rx,1,8,00,00,09,3E,00,00,00,00,
4306773894,00000207,false,Rx,1,8,00,00,00,00,C8,00,14,00,
4306774141,00000227,false,Rx,1,8,00,00,00,00,06,00,1F,C5,
4306774389,00000237,false,Rx,1,8,3D,41,00,00,00,00,00,00,
4306774629,00000247,false,Rx,1,8,44,7D,6E,03,00,00,20,00,
4306774869,00000717,false,Rx,1,8,10,09,F0,FE,04,90,FF,00,
4306783680,00000217,false,Rx,1,8,02,00,81,FC,9C,02,00,04,
4306827002,0000042C,false,Rx,1,8,96,60,00,00,21,00,00,00,
4306827243,0000043C,false,Rx,1,8,96,60,00,00,21,00,00,00,
4306827484,0000044C,false,Rx,1,8,96,60,00,00,21,00,00,00,
4306838222,0000045C,false,Rx,1,8,00,00,09,3E,00,00,00,00,
4306838356,0000010C,false,Rx,1,2,23,00,00,00,00,00,00,00,
4306838505,00000547,false,Rx,1,2,23,FF,00,00,00,00,00,00,
4306873900,00000207,false,Rx,1,8,00,00,00,00,C8,00,14,00,
4306874149,00000227,false,Rx,1,8,00,00,00,00,00,00,1F,C5,
4306874396,00000237,false,Rx,1,8,3D,41,00,00,00,00,00,00,
4306874636,00000247,false,Rx,1,8,44,7D,6E,03,00,00,20,00,
4306874876,00000717,false,Rx,1,8,11,00,00,00,00,00,02,02,
4306883678,00000217,false,Rx,1,8,02,00,81,FC,9C,02,00,04,
4306926999,0000042C,false,Rx,1,8,96,60,00,00,21,00,00,00,
4306927240,0000043C,false,Rx,1,8,96,60,00,00,21,00,00,00,
4306927479,0000044C,false,Rx,1,8,96,60,00,00,21,00,00,00,
4306938229,0000045C,false,Rx,1,8,00,00,09,3E,00,00,00,00,
4306973858,00000207,false,Rx,1,8,00,00,00,00,C8,00,14,00,
4306974113,00000227,false,Rx,1,8,00,00,00,00,04,00,1F,C5,
4306974361,00000237,false,Rx,1,8,3D,41,00,00,00,00,00,00,
4306974593,00000247,false,Rx,1,8,44,7D,6E,03,00,00,20,00,
4306974835,00000717,false,Rx,1,8,12,3F,26,00,27,00,17,00,
4306983637,00000217,false,Rx,1,8,02,00,81,FC,9C,02,00,04,
4307026000,0000042C,false,Rx,1,8,96,60,00,00,21,00,00,00,
4307026242,0000043C,false,Rx,1,8,96,60,00,00,21,00,00,00,
4307026482,0000044C,false,Rx,1,8,96,60,00,00,21,00,00,00,
4307026999,0000042C,false,Rx,1,8,96,60,00,00,21,00,00,00,
4307027240,0000043C,false,Rx,1,8,96,60,00,00,21,00,00,00,
4307027488,0000044C,false,Rx,1,8,96,60,00,00,21,00,00,00,
4307038240,0000045C,false,Rx,1,8,00,00,09,3E,00,00,00,00,
4307038366,0000010C,false,Rx,1,2,24,00,00,00,00,00,00,00,
4307038516,00000547,false,Rx,1,2,24,FF,00,00,00,00,00,00,
4307073851,00000207,false,Rx,1,8,00,00,C0,FF,C8,00,14,00,
4307074090,00000227,false,Rx,1,8,00,00,00,00,00,00,1F,C5,
4307074338,00000237,false,Rx,1,8,3D,41,00,00,00,00,00,00,
4307074578,00000247,false,Rx,1,8,44,7D,6E,03,00,00,20,00,
4307074827,00000717,false,Rx,1,8,13,00,00,00,00,00,00,00,
4307083642,00000217,false,Rx,1,8,02,00,81,FC,9C,02,00,04,
4307127004,0000042C,false,Rx,1,8,96,60,00,00,21,00,00,00,
4307127252,0000043C,false,Rx,1,8,96,60,00,00,21,00,00,00,
4307127492,0000044C,false,Rx,1,8,96,60,00,00,21,00,00,00,
4307138236,0000045C,false,Rx,1,8,00,00,09,3E,00,00,00,00,
4307173821,00000207,false,Rx,1,8,00,00,C0,FF,C8,00,14,00,
4307174067,00000227,false,Rx,1,8,00,00,00,00,05,00,1F,C5,
4307174315,00000237,false,Rx,1,8,3D,41,00,00,00,00,00,00,
4307174556,00000247,false,Rx,1,8,44,7D,6E,03,00,00,20,00,
4307174796,00000717,false,Rx,1,8,14,00,00,00,DC,FF,00,00,
4307183614,00000217,false,Rx,1,8,02,00,81,FC,9C,02,00,04,
4307227006,0000042C,false,Rx,1,8,96,60,00,00,21,00,00,00,
4307227246,0000043C,false,Rx,1,8,96,60,00,00,21,00,00,00,
4307227487,0000044C,false,Rx,1,8,96,60,00,00,21,00,00,00,
4307238238,0000045C,false,Rx,1,8,00,00,09,3E,00,00,00,00,
4307238364,0000010C,false,Rx,1,2,25,00,00,00,00,00,00,00,
4307238513,00000547,false,Rx,1,2,25,FF,00,00,00,00,00,00,
4307273788,00000207,false,Rx,1,8,00,00,00,00,C8,00,14,00,
4307274027,00000227,false,Rx,1,8,00,00,00,00,00,00,1F,C5,
4307274276,00000237,false,Rx,1,8,3D,41,00,00,00,00,00,00,
4307274516,00000247,false,Rx,1,8,44,7D,6E,03,00,00,20,00,
4307283569,00000217,false,Rx,1,8,02,00,81,FC,9C,02,00,04,
4307327009,0000042C,false,Rx,1,8,96,60,00,00,21,00,00,00,
4307327249,0000043C,false,Rx,1,8,96,60,00,00,21,00,00,00,
4307327490,0000044C,false,Rx,1,8,96,60,00,00,21,00,00,00,
4307338232,0000045C,false,Rx,1,8,00,00,09,3E,00,00,00,00,
4307373780,00000207,false,Rx,1,8,00,00,00,00,C8,00,14,00,
4307374027,00000227,false,Rx,1,8,00,00,00,00,05,00,1F,C5,
4307374276,00000237,false,Rx,1,8,3D,41,00,00,00,00,00,00,
4307374509,00000247,false,Rx,1,8,44,7D,6E,03,00,00,20,00,
4307374756,00000717,false,Rx,1,8,16,00,00,00,00,00,5A,46,
4307383574,00000217,false,Rx,1,8,02,00,81,FC,9C,02,00,04,
4307427008,0000042C,false,Rx,1,8,96,60,00,00,21,00,00,00,
4307427249,0000043C,false,Rx,1,8,96,60,00,00,21,00,00,00,
4307427489,0000044C,false,Rx,1,8,96,60,00,00,21,00,00,00,
4307438239,0000045C,false,Rx,1,8,00,00,09,3E,00,00,00,00,
4307438374,0000010C,false,Rx,1,2,26,00,00,00,00,00,00,00,
4307438545,00000547,false,Rx,1,2,26,FF,00,00,00,00,00,00,
4307473747,00000207,false,Rx,1,8,00,00,C0,FF,C8,00,14,00,
4307473995,00000227,false,Rx,1,8,00,00,00,00,06,00,1F,C5,
4307474243,00000237,false,Rx,1,8,3D,41,00,00,00,00,00,00,
4307474483,00000247,false,Rx,1,8,44,7D,6E,03,00,00,20,00,
4307474724,00000717,false,Rx,1,8,17,00,00,50,04,00,00,00,
4307483554,00000217,false,Rx,1,8,02,00,81,FC,9C,02,00,04,
4307527013,0000042C,false,Rx,1,8,96,60,00,00,21,00,00,00,
4307527253,0000043C,false,Rx,1,8,96,60,00,00,21,00,00,00,
4307527493,0000044C,false,Rx,1,8,96,60,00,00,21,00,00,00,
4307538236,0000045C,false,Rx,1,8,00,00,09,3E,00,00,00,00,
4307573649,00000367,false,Rx,1,8,00,00,00,00,00,00,00,00,
4307573889,00000207,false,Rx,1,8,00,00,C0,FF,C8,00,14,00,
4307574137,00000227,false,Rx,1,8,00,00,00,00,00,00,1F,C5,
4307574384,00000237,false,Rx,1,8,3D,41,00,00,00,00,00,00,
4307574626,00000247,false,Rx,1,8,44,7D,6E,03,00,00,20,00,
4307574873,00000717,false,Rx,1,8,18,00,00,00,00,00,00,00,
4307583526,00000217,false,Rx,1,8,02,00,81,FC,9C,02,00,04,
4307583781,00000377,false,Rx,1,8,00,00,00,00,00,00,00,00,
4307593644,00000347,false,Rx,1,8,00,00,00,00,00,08,00,00,
4307603636,00000357,false,Rx,1,8,00,00,00,00,00,00,18,00,
4307613642,00000327,false,Rx,1,8,00,00,00,00,00,00,00,00,
4307623619,00000337,false,Rx,1,8,00,00,00,00,00,00,00,00,
4307627011,0000042C,false,Rx,1,8,96,60,00,00,21,00,00,00,
4307627251,0000043C,false,Rx,1,8,96,60,00,00,21,00,00,00,
4307627491,0000044C,false,Rx,1,8,96,60,00,00,21,00,00,00,
4307638242,0000045C,false,Rx,1,8,00,00,09,3E,00,00,00,00,
4307638369,0000010C,false,Rx,1,2,27,00,00,00,00,00,00,00,
4307638526,00000547,false,Rx,1,2,27,FF,00,00,00,00,00,00,
4307673709,00000207,false,Rx,1,8,00,00,C0,FF,C8,00,14,00,
4307673956,00000227,false,Rx,1,8,00,00,00,00,08,00,1F,C5,
4307674204,00000237,false,Rx,1,8,3D,41,00,00,00,00,00,00,
4307674445,00000247,false,Rx,1,8,44,7D,6E,03,00,00,20,00,
4307674693,00000717,false,Rx,1,8,19,00,00,00,00,00,00,00,
4307683508,00000217,false,Rx,1,8,02,00,81,FC,9C,02,00,04,
4307727016,0000042C,false,Rx,1,8,96,60,00,00,21,00,00,00,
4307727256,0000043C,false,Rx,1,8,96,60,00,00,21,00,00,00,
4307727497,0000044C,false,Rx,1,8,96,60,00,00,21,00,00,00,
4307738240,0000045C,false,Rx,1,8,00,00,09,3E,00,00,00,00,
4307773672,00000207,false,Rx,1,8,00,00,C0,FF,C8,00,14,00,
4307773918,00000227,false,Rx,1,8,00,00,00,00,00,00,1F,C5,
4307774167,00000237,false,Rx,1,8,3D,41,00,00,00,00,00,00,
4307774400,00000247,false,Rx,1,8,44,7D,6E,03,00,00,20,00,
4307774648,00000717,false,Rx,1,8,01,00,00,00,00,00,00,00,
4307783464,00000217,false,Rx,1,8,02,00,81,FC,9C,02,00,04,
4307827016,0000042C,false,Rx,1,8,96,60,00,00,21,00,00,00,
4307827257,0000043C,false,Rx,1,8,96,60,00,00,21,00,00,00,
4307827497,0000044C,false,Rx,1,8,96,60,00,00,21,00,00,00,
4307838239,0000045C,false,Rx,1,8,00,00,09,3E,00,00,00,00,
4307838373,0000010C,false,Rx,1,2,28,00,00,00,00,00,00,00,
4307838522,00000547,false,Rx,1,2,28,FF,00,00,00,00,00,00,
4307873684,00000207,false,Rx,1,8,00,00,00,00,C8,00,14,00,
4307873931,00000227,false,Rx,1,8,00,00,00,00,01,00,1F,C5,
4307874173,00000237,false,Rx,1,8,3D,41,00,00,00,00,00,00,
4307874413,00000247,false,Rx,1,8,44,7D,6E,03,00,00,20,00,
4307874660,00000717,false,Rx,1,8,02,00,00,00,00,00,00,00,
4307883469,00000217,false,Rx,1,8,02,00,81,FC,9C,02,00,04,
4307927016,0000042C,false,Rx,1,8,96,60,00,00,21,00,00,00,
4307927257,0000043C,false,Rx,1,8,96,60,00,00,21,00,00,00,
4307927497,0000044C,false,Rx,1,8,96,60,00,00,21,00,00,00,
4307938247,0000045C,false,Rx,1,8,00,00,09,3E,00,00,00,00,
4307973637,00000207,false,Rx,1,8,00,00,00,00,C8,00,14,00,
4307973890,00000227,false,Rx,1,8,00,00,00,00,02,00,1F,C5,
4307974133,00000237,false,Rx,1,8,3D,41,00,00,00,00,00,00,
4307974372,00000247,false,Rx,1,8,44,7D,6E,03,00,00,20,00,
4307983441,00000217,false,Rx,1,8,02,00,81,FC,9C,02,00,04,
4308027020,0000042C,false,Rx,1,8,96,60,00,00,20,00,00,00,
4308027260,0000043C,false,Rx,1,8,96,60,00,00,20,00,00,00,
4308027507,0000044C,false,Rx,1,8,96,60,00,00,20,00,00,00,
4308038241,0000045C,false,Rx,1,8,00,00,09,3E,00,00,00,00,
4308038376,0000010C,false,Rx,1,2,29,00,00,00,00,00,00,00,
4308038533,00000547,false,Rx,1,2,29,FF,00,00,00,00,00,00,
4308073612,00000207,false,Rx,1,8,00,00,00,00,C8,00,14,00,
4308073859,00000227,false,Rx,1,8,00,00,00,00,00,00,1F,C5,
4308074107,00000237,false,Rx,1,8,3D,41,00,00,00,00,00,00,
4308074348,00000247,false,Rx,1,8,44,7D,6E,03,00,00,20,00,
4308074596,00000717,false,Rx,1,8,04,00,00,00,00,00,00,00,
4308083413,00000217,false,Rx,1,8,02,00,81,FC,9C,02,00,04,
4308127022,0000042C,false,Rx,1,8,96,60,00,00,20,00,00,00,
4308127262,0000043C,false,Rx,1,8,96,60,00,00,20,00,00,00,
4308127510,0000044C,false,Rx,1,8,96,60,00,00,20,00,00,00,
4308138244,0000045C,false,Rx,1,8,00,00,09,3E,00,00,00,00,
4308173617,00000207,false,Rx,1,8,00,00,C0,FF,C8,00,14,00,
4308173863,00000227,false,Rx,1,8,00,00,00,00,02,00,1F,C5,
4308174111,00000237,false,Rx,1,8,3D,41,00,00,00,00,00,00,
4308174345,00000247,false,Rx,1,8,44,7D,6E,03,00,00,20,00,
4308174594,00000717,false,Rx,1,8,05,00,00,00,00,00,00,00,
4308183403,00000217,false,Rx,1,8,02,00,81,FC,9C,02,00,04,
4308227022,0000042C,false,Rx,1,8,96,60,00,00,20,00,00,00,
4308227262,0000043C,false,Rx,1,8,96,60,00,00,20,00,00,00,
4308227510,0000044C,false,Rx,1,8,96,60,00,00,20,00,00,00,
4308238244,0000045C,false,Rx,1,8,00,00,09,3E,00,00,00,00,
4308238378,0000010C,false,Rx,1,2,2A,00,00,00,00,00,00,00,
4308238527,00000547,false,Rx,1,2,2A,FF,00,00,00,00,00,00,
4308273577,00000207,false,Rx,1,8,00,00,00,00,C8,00,14,00,
4308273824,00000227,false,Rx,1,8,00,00,00,00,09,00,1F,C5,
4308274071,00000237,false,Rx,1,8,3D,41,00,00,00,00,00,00,
4308274306,00000247,false,Rx,1,8,44,7D,6E,03,00,00,20,00,
4308274538,00000717,false,Rx,1,8,06,00,E2,45,66,06,00,40,
4308283362,00000217,false,Rx,1,8,02,00,81,FC,9C,02,00,04,
4308327024,0000042C,false,Rx,1,8,96,60,00,00,20,00,00,00,
4308327265,0000043C,false,Rx,1,8,96,60,00,00,20,00,00,00,
4308327504,0000044C,false,Rx,1,8,96,60,00,00,20,00,00,00,
4308338249,0000045C,false,Rx,1,8,00,00,09,3E,00,00,00,00,
4308373569,00000207,false,Rx,1,8,00,00,C0,FF,C8,00,14,00,
4308373816,00000227,false,Rx,1,8,00,00,00,00,01,00,1F,C5,
4308374064,00000237,false,Rx,1,8,3D,41,00,00,00,00,00,00,
4308374297,00000247,false,Rx,1,8,44,7D,6E,03,00,00,20,00,
4308374545,00000717,false,Rx,1,8,07,00,00,00,02,0A,00,00,
4308383361,00000217,false,Rx,1,8,02,00,81,FC,9C,02,00,04,
4308427021,0000042C,false,Rx,1,8,96,60,00,00,20,00,00,00,
4308427263,0000043C,false,Rx,1,8,96,60,00,00,20,00,00,00,
4308427510,0000044C,false,Rx,1,8,96,60,00,00,20,00,00,00,
4308438252,0000045C,false,Rx,1,8,00,00,09,3E,00,00,00,00,
4308438379,0000010C,false,Rx,1,2,2B,00,00,00,00,00,00,00,
4308438543,00000547,false,Rx,1,2,2B,FF,00,00,00,00,00,00,
4308473546,00000207,false,Rx,1,8,00,00,C0,FF,C8,00,14,00,
4308473785,00000227,false,Rx,1,8,00,00,00,00,00,00,1F,C5,
4308474033,00000237,false,Rx,1,8,3D,41,00,00,00,00,00,00,
4308474274,00000247,false,Rx,1,8,44,7D,6E,03,00,00,20,00,
4308474514,00000717,false,Rx,1,8,08,00,00,00,E2,45,00,00,
4308483333,00000217,false,Rx,1,8,02,00,81,FC,9C,02,00,04,
4308527024,0000042C,false,Rx,1,8,96,60,00,00,20,00,00,00,
4308527264,0000043C,false,Rx,1,8,96,60,00,00,20,00,00,00,
4308527511,0000044C,false,Rx,1,8,96,60,00,00,20,00,00,00,
4308538247,0000045C,false,Rx,1,8,00,00,09,3E,00,00,00,00,
4308573423,00000367,false,Rx,1,8,00,00,00,00,00,00,00,00,
4308573670,00000207,false,Rx,1,8,00,00,C0,FF,C8,00,14,00,
4308573918,00000227,false,Rx,1,8,00,00,00,00,01,00,1F,C5,
4308574167,00000237,false,Rx,1,8,3D,41,00,00,00,00,00,00,
4308574399,00000247,false,Rx,1,8,44,7D,6E,03,00,00,20,00,
4308574640,00000717,false,Rx,1,8,09,00,22,46,00,00,00,00,
4308583303,00000217,false,Rx,1,8,02,00,81,FC,9C,02,00,04,
4308583549,00000377,false,Rx,1,8,00,00,00,00,00,00,00,00,
4308593420,00000347,false,Rx,1,8,00,00,00,00,00,08,00,00,
4308603431,00000357,false,Rx,1,8,00,00,00,00,00,00,18,00,
4308613436,00000327,false,Rx,1,8,00,00,00,00,00,00,00,00,
4308623432,00000337,false,Rx,1,8,00,00,00,00,00,00,00,00,
4308627028,0000042C,false,Rx,1,8,96,60,00,00,20,00,00,00,
4308627267,0000043C,false,Rx,1,8,96,60,00,00,20,00,00,00,
4308627508,0000044C,false,Rx,1,8,96,60,00,00,20,00,00,00,
4308638250,0000045C,false,Rx,1,8,00,00,09,3E,00,00,00,00,
4308638384,0000010C,false,Rx,1,2,2C,00,00,00,00,00,00,00,
4308638533,00000547,false,Rx,1,2,2C,FF,00,00,00,00,00,00,
4308673503,00000207,false,Rx,1,8,00,00,C0,FF,C8,00,14,00,
4308673751,00000227,false,Rx,1,8,00,00,00,00,03,00,1F,C5,
4308673998,00000237,false,Rx,1,8,3D,41,00,00,00,00,00,00,
4308674239,00000247,false,Rx,1,8,44,7D,6E,03,00,00,20,00,
4308674488,00000717,false,Rx,1,8,0A,00,00,00,00,00,00,00,
4308683295,00000217,false,Rx,1,8,02,00,81,FC,9C,02,00,04,
4308727029,0000042C,false,Rx,1,8,96,60,00,00,20,00,00,00,
4308727269,0000043C,false,Rx,1,8,96,60,00,00,20,00,00,00,
4308727510,0000044C,false,Rx,1,8,96,60,00,00,20,00,00,00,
4308738252,0000045C,false,Rx,1,8,00,00,09,3E,00,00,00,00,
4308773459,00000207,false,Rx,1,8,00,00,C0,FF,C8,00,14,00,
4308773712,00000227,false,Rx,1,8,00,00,00,00,02,00,1F,C5,
4308773959,00000237,false,Rx,1,8,3D,41,00,00,00,00,00,00,
4308774194,00000247,false,Rx,1,8,44,7D,6E,03,00,00,20,00,
4308774442,00000717,false,Rx,1,8,0B,00,00,00,00,00,00,00,
4308783272,00000217,false,Rx,1,8,02,00,81,FC,9C,02,00,04,
4308827026,0000042C,false,Rx,1,8,96,60,00,00,20,00,00,00,
4308827267,0000043C,false,Rx,1,8,96,60,00,00,20,00,00,00,
4308827515,0000044C,false,Rx,1,8,96,60,00,00,20,00,00,00,
4308838252,0000045C,false,Rx,1,8,00,00,09,3E,00,00,00,00,
4308838386,0000010C,false,Rx,1,2,2D,00,00,00,00,00,00,00,
4308838535,00000547,false,Rx,1,2,2D,FF,00,00,00,00,00,00,
4308873461,00000207,false,Rx,1,8,00,00,00,00,C8,00,14,00,
4308873707,00000227,false,Rx,1,8,00,00,00,00,03,00,1F,C5,
4308873955,00000237,false,Rx,1,8,3D,41,00,00,00,00,00,00,
4308874189,00000247,false,Rx,1,8,44,7D,6E,03,00,00,20,00,
4308874437,00000717,false,Rx,1,8,0C,01,00,04,04,00,01,00,
4308883247,00000217,false,Rx,1,8,02,00,81,FC,9C,02,00,04,
4308927025,0000042C,false,Rx,1,8,96,60,00,00,20,00,00,00,
4308927273,0000043C,false,Rx,1,8,96,60,00,00,20,00,00,00,
4308927513,0000044C,false,Rx,1,8,96,60,00,00,20,00,00,00,
4308938257,0000045C,false,Rx,1,8,00,00,09,3E,00,00,00,00,
4308973451,00000207,false,Rx,1,8,00,00,00,00,C8,00,14,00,
4308973690,00000227,false,Rx,1,8,00,00,00,00,00,00,1F,C5,
4308973938,00000237,false,Rx,1,8,3D,41,00,00,00,00,00,00,
4308974179,00000247,false,Rx,1,8,44,7D,6E,03,00,00,20,00,
4308974419,00000717,false,Rx,1,8,0E,00,00,02,C6,20,00,00,
4308983237,00000217,false,Rx,1,8,02,00,81,FC,9C,02,00,04,
4309026030,0000042C,false,Rx,1,8,96,60,00,00,20,00,00,00,
4309026271,0000043C,false,Rx,1,8,96,60,00,00,20,00,00,00,
4309026518,0000044C,false,Rx,1,8,96,60,00,00,20,00,00,00,
4309028033,0000042C,false,Rx,1,8,96,60,00,00,20,00,00,00,
4309028277,0000043C,false,Rx,1,8,96,60,00,00,20,00,00,00,
4309028518,0000044C,false,Rx,1,8,96,60,00,00,20,00,00,00,
4309038261,0000045C,false,Rx,1,8,00,00,09,3E,00,00,00,00,
4309038397,0000010C,false,Rx,1,2,2E,00,00,00,00,00,00,00,
4309038545,00000547,false,Rx,1,2,2E,FF,00,00,00,00,00,00,
4309073408,00000207,false,Rx,1,8,00,00,00,00,C8,00,14,00,
4309073654,00000227,false,Rx,1,8,00,00,00,00,01,00,1F,C5,
4309073902,00000237,false,Rx,1,8,3D,41,00,00,00,00,00,00,
4309074136,00000247,false,Rx,1,8,44,7D,6E,03,00,00,20,00,
4309074375,00000717,false,Rx,1,8,0F,00,EB,01,DE,0E,00,00,
4309083191,00000217,false,Rx,1,8,02,00,81,FC,9C,02,00,04,
4309128034,0000042C,false,Rx,1,8,96,60,00,00,20,00,00,00,
4309128275,0000043C,false,Rx,1,8,96,60,00,00,20,00,00,00,
4309128515,0000044C,false,Rx,1,8,96,60,00,00,20,00,00,00,
4309138261,0000045C,false,Rx,1,8,00,00,09,3E,00,00,00,00,
4309173396,00000207,false,Rx,1,8,00,00,C0,FF,C8,00,14,00,
4309173635,00000227,false,Rx,1,8,00,00,00,00,00,00,1F,C5,
4309173890,00000237,false,Rx,1,8,3D,41,00,00,00,00,00,00,
4309174123,00000247,false,Rx,1,8,44,7D,6E,03,00,00,20,00,
4309174365,00000717,false,Rx,1,8,10,09,E0,FE,03,90,FF,00,
4309183189,00000217,false,Rx,1,8,02,00,81,FC,9C,02,00,04,
4309228037,0000042C,false,Rx,1,8,96,60,00,00,20,00,00,00,
4309228278,0000043C,false,Rx,1,8,96,60,00,00,20,00,00,00,
4309228518,0000044C,false,Rx,1,8,96,60,00,00,20,00,00,00,
4309238262,0000045C,false,Rx,1,8,00,00,09,3E,00,00,00,00,
4309238396,0000010C,false,Rx,1,2,2F,00,00,00,00,00,00,00,
4309238545,00000547,false,Rx,1,2,2F,FF,00,00,00,00,00,00,
4309273355,00000207,false,Rx,1,8,00,00,00,00,C8,00,14,00,
4309273602,00000227,false,Rx,1,8,00,00,00,00,01,00,1F,C5,
4309273849,00000237,false,Rx,1,8,3D,41,00,00,00,00,00,00,
4309274089,00000247,false,Rx,1,8,44,7D,6E,03,00,00,20,00,
4309274331,00000717,false,Rx,1,8,11,00,00,00,00,00,02,02,
4309283169,00000217,false,Rx,1,8,02,00,81,FC,9C,02,00,04,
4309328032,0000042C,false,Rx,1,8,96,60,00,00,20,00,00,00,
4309328281,0000043C,false,Rx,1,8,96,60,00,00,20,00,00,00,
4309328520,0000044C,false,Rx,1,8,96,60,00,00,20,00,00,00,
4309338265,0000045C,false,Rx,1,8,00,00,09,3E,00,00,00,00,
4309373343,00000207,false,Rx,1,8,00,00,C0,FF,C8,00,14,00,
4309373590,00000227,false,Rx,1,8,00,00,00,00,00,00,1F,C5,
4309373837,00000237,false,Rx,1,8,3D,41,00,00,00,00,00,00,
4309374071,00000247,false,Rx,1,8,44,7D,6E,03,00,00,20,00,
4309374312,00000717,false,Rx,1,8,12,3F,29,00,27,00,17,00,
4309383142,00000217,false,Rx,1,8,02,00,01,FC,9C,02,00,04,
4309428035,0000042C,false,Rx,1,8,96,60,00,00,20,00,00,00,
4309428282,0000043C,false,Rx,1,8,96,60,00,00,20,00,00,00,
4309428523,0000044C,false,Rx,1,8,96,60,00,00,20,00,00,00,
4309438262,0000045C,false,Rx,1,8,00,00,09,3E,00,00,00,00,
4309438396,0000010C,false,Rx,1,2,30,00,00,00,00,00,00,00,
4309438546,00000547,false,Rx,1,2,30,FF,00,00,00,00,00,00,
4309473337,00000207,false,Rx,1,8,00,00,00,00,C8,00,14,00,
4309473583,00000227,false,Rx,1,8,00,00,00,00,03,00,1F,C5,
4309473832,00000237,false,Rx,1,8,3D,41,00,00,00,00,00,00,
4309474072,00000247,false,Rx,1,8,44,7D,6E,03,00,00,20,00,
4309474320,00000717,false,Rx,1,8,13,00,00,00,00,00,00,00,
4309483129,00000217,false,Rx,1,8,02,00,01,FC,9C,02,00,04,
4309528037,0000042C,false,Rx,1,8,96,60,00,00,20,00,00,00,
4309528278,0000043C,false,Rx,1,8,96,60,00,00,20,00,00,00,
4309528526,0000044C,false,Rx,1,8,96,60,00,00,20,00,00,00,
4309538264,0000045C,false,Rx,1,8,00,00,09,3E,00,00,00,00,
4309573206,00000367,false,Rx,1,8,00,00,00,00,00,00,00,00,
4309573453,00000207,false,Rx,1,8,00,00,00,00,C8,00,14,00,
4309573701,00000227,false,Rx,1,8,00,00,00,00,02,00,1F,C5,
4309573948,00000237,false,Rx,1,8,3D,41,00,00,00,00,00,00,
4309574189,00000247,false,Rx,1,8,44,7D,6E,03,00,00,20,00,
4309574438,00000717,false,Rx,1,8,14,00,00,00,20,00,00,00,
4309583085,00000217,false,Rx,1,8,02,00,01,FC,9C,02,00,04,
4309583333,00000377,false,Rx,1,8,00,00,00,00,00,00,00,00,
4309593196,00000347,false,Rx,1,8,00,00,00,00,00,08,00,00,
4309603192,00000357,false,Rx,1,8,00,00,00,00,00,00,18,00,
4309613196,00000327,false,Rx,1,8,00,00,00,00,00,00,00,00,
4309623191,00000337,false,Rx,1,8,00,00,00,00,00,00,00,00,
4309628041,0000042C,false,Rx,1,8,96,60,00,00,20,00,00,00,
4309628282,0000043C,false,Rx,1,8,96,60,00,00,20,00,00,00,
4309628522,0000044C,false,Rx,1,8,96,60,00,00,20,00,00,00,
4309638268,0000045C,false,Rx,1,8,00,00,09,3E,00,00,00,00,
4309638395,0000010C,false,Rx,1,2,31,00,00,00,00,00,00,00,
4309638544,00000547,false,Rx,1,2,31,FF,00,00,00,00,00,00,
4309673292,00000207,false,Rx,1,8,00,00,00,00,C8,00,14,00,
4309673532,00000227,false,Rx,1,8,00,00,00,00,00,00,1F,C5,
4309673779,00000237,false,Rx,1,8,3D,41,00,00,00,00,00,00,
4309674019,00000247,false,Rx,1,8,44,7D,6E,03,00,00,20,00,
4309683088,00000217,false,Rx,1,8,02,00,01,FC,9C,02,00,04,
4309728043,0000042C,false,Rx,1,8,96,60,00,00,20,00,00,00,
4309728283,0000043C,false,Rx,1,8,96,60,00,00,20,00,00,00,
4309728523,0000044C,false,Rx,1,8,96,60,00,00,20,00,00,00,
4309738267,0000045C,false,Rx,1,8,00,00,09,3E,00,00,00,00,
4309773244,00000207,false,Rx,1,8,00,00,C0,FF,C8,00,14,00,
4309773491,00000227,false,Rx,1,8,00,00,00,00,01,00,1F,C5,
4309773739,00000237,false,Rx,1,8,3D,41,00,00,00,00,00,00,
4309773978,00000247,false,Rx,1,8,44,7D,6E,03,00,00,20,00,
4309774213,00000717,false,Rx,1,8,16,00,00,00,00,00,62,46,
4309783067,00000217,false,Rx,1,8,02,00,01,FC,9C,02,00,04,
4309828043,0000042C,false,Rx,1,8,96,60,00,00,20,00,00,00,
4309828283,0000043C,false,Rx,1,8,96,60,00,00,20,00,00,00,
4309828522,0000044C,false,Rx,1,8,96,60,00,00,20,00,00,00,
4309838267,0000045C,false,Rx,1,8,00,00,09,3E,00,00,00,00,
4309838401,0000010C,false,Rx,1,2,32,00,00,00,00,00,00,00,
4309838542,00000547,false,Rx,1,2,32,FF,00,00,00,00,00,00,
4309873237,00000207,false,Rx,1,8,00,00,00,00,C8,00,14,00,
4309873476,00000227,false,Rx,1,8,00,00,00,00,00,00,1F,C5,
4309873731,00000237,false,Rx,1,8,3D,41,00,00,00,00,00,00,
4309873964,00000247,false,Rx,1,8,44,7D,6E,03,00,00,20,00,
4309874213,00000717,false,Rx,1,8,17,00,00,50,04,00,00,00,
4309883020,00000217,false,Rx,1,8,02,00,01,FC,9C,02,00,04,
4309928045,0000042C,false,Rx,1,8,96,60,00,00,20,00,00,00,
4309928286,0000043C,false,Rx,1,8,96,60,00,00,20,00,00,00,
4309928527,0000044C,false,Rx,1,8,96,60,00,00,20,00,00,00,
4309938271,0000045C,false,Rx,1,8,00,00,09,3E,00,00,00,00,
4309973224,00000207,false,Rx,1,8,00,00,00,00,C8,00,14,00,
4309973471,00000227,false,Rx,1,8,00,00,00,00,00,00,1F,C5,
4309973718,00000237,false,Rx,1,8,3D,41,00,00,00,00,00,00,
4309973959,00000247,false,Rx,1,8,44,7D,6E,03,00,00,20,00,
4309974208,00000717,false,Rx,1,8,18,00,00,00,00,00,00,00,
4309983016,00000217,false,Rx,1,8,02,00,01,FC,9C,02,00,04,
4310028044,0000042C,false,Rx,1,8,96,60,00,00,20,00,00,00,
4310028284,0000043C,false,Rx,1,8,96,60,00,00,20,00,00,00,
4310028525,0000044C,false,Rx,1,8,96,60,00,00,20,00,00,00,
